Opponent,Games,Wins,Losses,Draws,Win %,col6,Faction
,Adepta Sororitas,104,51,51,2,50.00%,Adepta Sororitas
,Adeptus Custodes,271,124,145,2,46.13%,Adepta Sororitas
,Adeptus Mechanicus,135,64,68,3,48.52%,Adepta Sororitas
,Aeldari,259,123,134,2,47.88%,Adepta Sororitas
,Astra Militarum,253,130,120,3,51.98%,Adepta Sororitas
,Black Templars,162,77,84,1,47.84%,Adepta Sororitas
,Blood Angels,280,132,146,2,47.50%,Adepta Sororitas
,Chaos Daemons,173,96,72,5,56.94%,Adepta Sororitas
,Chaos Knights,256,131,118,7,52.54%,Adepta Sororitas
,Chaos Space Marines,266,154,108,4,58.65%,Adepta Sororitas
,Dark Angels,321,182,134,5,57.48%,Adepta Sororitas
,Death Guard,487,244,238,5,50.62%,Adepta Sororitas
,Deathwatch,35,19,16,0,54.29%,Adepta Sororitas
,Drukhari,150,73,76,1,49.00%,Adepta Sororitas
,Emperor's Children,184,101,81,2,55.43%,Adepta Sororitas
,Genestealer Cults,108,52,55,1,48.61%,Adepta Sororitas
,Grey Knights,171,82,84,5,49.42%,Adepta Sororitas
,Imperial Agents,15,12,3,0,80.00%,Adepta Sororitas
,Imperial Knights,257,125,126,6,49.81%,Adepta Sororitas
,Leagues Of Votann,197,85,109,3,43.91%,Adepta Sororitas
,Necrons,378,165,205,8,44.71%,Adepta Sororitas
,Orks,233,129,101,3,56.01%,Adepta Sororitas
,Space Marines,477,245,225,7,52.10%,Adepta Sororitas
,Space Wolves,204,105,98,1,51.72%,Adepta Sororitas
,T'au,315,142,165,8,46.35%,Adepta Sororitas
,Thousand Sons,226,110,111,5,49.78%,Adepta Sororitas
,Tyranids,326,140,177,9,44.33%,Adepta Sororitas
,World Eaters,317,169,145,3,53.79%,Adepta Sororitas
,Adepta Sororitas,271,145,124,2,53.87%,Adeptus Custodes
,Adeptus Custodes,292,143,143,6,50.00%,Adeptus Custodes
,Adeptus Mechanicus,189,81,102,6,44.44%,Adeptus Custodes
,Aeldari,491,223,262,6,46.03%,Adeptus Custodes
,Astra Militarum,519,291,222,6,56.65%,Adeptus Custodes
,Black Templars,356,180,172,4,51.12%,Adeptus Custodes
,Blood Angels,530,278,246,6,53.02%,Adeptus Custodes
,Chaos Daemons,293,140,150,3,48.29%,Adeptus Custodes
,Chaos Knights,530,272,251,7,51.98%,Adeptus Custodes
,Chaos Space Marines,420,221,194,5,53.21%,Adeptus Custodes
,Dark Angels,601,318,275,8,53.58%,Adeptus Custodes
,Death Guard,850,411,426,13,49.12%,Adeptus Custodes
,Deathwatch,87,49,38,0,56.32%,Adeptus Custodes
,Drukhari,234,100,131,3,43.38%,Adeptus Custodes
,Emperor's Children,387,223,154,10,58.91%,Adeptus Custodes
,Genestealer Cults,157,74,82,1,47.45%,Adeptus Custodes
,Grey Knights,299,137,159,3,46.32%,Adeptus Custodes
,Imperial Agents,31,17,14,0,54.84%,Adeptus Custodes
,Imperial Knights,532,247,277,8,47.18%,Adeptus Custodes
,Leagues Of Votann,305,142,156,7,47.70%,Adeptus Custodes
,Necrons,746,394,340,12,53.62%,Adeptus Custodes
,Orks,432,253,174,5,59.14%,Adeptus Custodes
,Space Marines,854,467,367,20,55.85%,Adeptus Custodes
,Space Wolves,380,255,119,6,67.89%,Adeptus Custodes
,T'au,470,277,186,7,59.68%,Adeptus Custodes
,Thousand Sons,429,198,226,5,46.74%,Adeptus Custodes
,Tyranids,684,376,296,12,55.85%,Adeptus Custodes
,World Eaters,730,359,357,14,50.14%,Adeptus Custodes
,Adepta Sororitas,135,68,64,3,51.48%,Adeptus Mechanicus
,Adeptus Custodes,189,102,81,6,55.56%,Adeptus Mechanicus
,Adeptus Mechanicus,34,15,15,4,50.00%,Adeptus Mechanicus
,Aeldari,200,99,100,1,49.75%,Adeptus Mechanicus
,Astra Militarum,162,84,76,2,52.47%,Adeptus Mechanicus
,Black Templars,148,79,68,1,53.72%,Adeptus Mechanicus
,Blood Angels,194,84,105,5,44.59%,Adeptus Mechanicus
,Chaos Daemons,98,43,50,5,46.43%,Adeptus Mechanicus
,Chaos Knights,158,70,84,4,45.57%,Adeptus Mechanicus
,Chaos Space Marines,163,94,65,4,58.90%,Adeptus Mechanicus
,Dark Angels,189,99,87,3,53.17%,Adeptus Mechanicus
,Death Guard,281,116,161,4,41.99%,Adeptus Mechanicus
,Deathwatch,23,13,10,0,56.52%,Adeptus Mechanicus
,Drukhari,85,31,54,0,36.47%,Adeptus Mechanicus
,Emperor's Children,145,69,74,2,48.28%,Adeptus Mechanicus
,Genestealer Cults,67,27,37,3,42.54%,Adeptus Mechanicus
,Grey Knights,128,64,59,5,51.95%,Adeptus Mechanicus
,Imperial Agents,13,5,8,0,38.46%,Adeptus Mechanicus
,Imperial Knights,162,71,87,4,45.06%,Adeptus Mechanicus
,Leagues Of Votann,134,66,65,3,50.37%,Adeptus Mechanicus
,Necrons,227,103,117,7,46.92%,Adeptus Mechanicus
,Orks,136,62,73,1,45.96%,Adeptus Mechanicus
,Space Marines,297,157,132,8,54.21%,Adeptus Mechanicus
,Space Wolves,126,65,61,0,51.59%,Adeptus Mechanicus
,T'au,160,76,82,2,48.13%,Adeptus Mechanicus
,Thousand Sons,151,74,71,6,50.99%,Adeptus Mechanicus
,Tyranids,233,114,113,6,50.21%,Adeptus Mechanicus
,World Eaters,246,122,122,2,50.00%,Adeptus Mechanicus
,Adepta Sororitas,259,134,123,2,52.12%,Aeldari
,Adeptus Custodes,491,262,223,6,53.97%,Aeldari
,Adeptus Mechanicus,200,100,99,1,50.25%,Aeldari
,Aeldari,356,176,176,4,50.00%,Aeldari
,Astra Militarum,498,264,229,5,53.51%,Aeldari
,Black Templars,314,161,146,7,52.39%,Aeldari
,Blood Angels,498,277,212,9,56.53%,Aeldari
,Chaos Daemons,260,107,148,5,42.12%,Aeldari
,Chaos Knights,414,206,203,5,50.36%,Aeldari
,Chaos Space Marines,377,182,190,5,48.94%,Aeldari
,Dark Angels,460,228,224,8,50.43%,Aeldari
,Death Guard,789,382,395,12,49.18%,Aeldari
,Deathwatch,104,58,44,2,56.73%,Aeldari
,Drukhari,249,122,124,3,49.60%,Aeldari
,Emperor's Children,341,148,183,10,44.87%,Aeldari
,Genestealer Cults,141,55,84,2,39.72%,Aeldari
,Grey Knights,319,147,167,5,46.87%,Aeldari
,Imperial Agents,33,18,15,0,54.55%,Aeldari
,Imperial Knights,433,252,172,9,59.24%,Aeldari
,Leagues Of Votann,344,174,163,7,51.60%,Aeldari
,Necrons,604,287,306,11,48.43%,Aeldari
,Orks,326,161,163,2,49.69%,Aeldari
,Space Marines,715,371,332,12,52.73%,Aeldari
,Space Wolves,381,168,208,5,44.75%,Aeldari
,T'au,434,244,183,7,57.03%,Aeldari
,Thousand Sons,369,148,216,5,40.79%,Aeldari
,Tyranids,603,320,278,5,53.48%,Aeldari
,World Eaters,540,261,275,4,48.70%,Aeldari
,Adepta Sororitas,253,120,130,3,48.02%,Astra Militarum
,Adeptus Custodes,519,222,291,6,43.35%,Astra Militarum
,Adeptus Mechanicus,162,76,84,2,47.53%,Astra Militarum
,Aeldari,498,229,264,5,46.49%,Astra Militarum
,Astra Militarum,362,179,179,4,50.00%,Astra Militarum
,Black Templars,312,129,180,3,41.83%,Astra Militarum
,Blood Angels,494,234,256,4,47.77%,Astra Militarum
,Chaos Daemons,289,122,163,4,42.91%,Astra Militarum
,Chaos Knights,473,186,283,4,39.75%,Astra Militarum
,Chaos Space Marines,391,186,202,3,47.95%,Astra Militarum
,Dark Angels,507,225,265,17,46.06%,Astra Militarum
,Death Guard,801,336,449,16,42.95%,Astra Militarum
,Deathwatch,86,45,38,3,54.07%,Astra Militarum
,Drukhari,178,77,98,3,44.10%,Astra Militarum
,Emperor's Children,319,143,162,14,47.02%,Astra Militarum
,Genestealer Cults,148,52,95,1,35.47%,Astra Militarum
,Grey Knights,268,126,139,3,47.57%,Astra Militarum
,Imperial Agents,26,9,17,0,34.62%,Astra Militarum
,Imperial Knights,467,181,281,5,39.29%,Astra Militarum
,Leagues Of Votann,318,154,159,5,49.21%,Astra Militarum
,Necrons,614,260,346,8,43.00%,Astra Militarum
,Orks,438,207,222,9,48.29%,Astra Militarum
,Space Marines,808,429,364,15,54.02%,Astra Militarum
,Space Wolves,384,158,221,5,41.80%,Astra Militarum
,T'au,491,242,242,7,50.00%,Astra Militarum
,Thousand Sons,428,201,220,7,47.78%,Astra Militarum
,Tyranids,672,313,343,16,47.77%,Astra Militarum
,World Eaters,588,258,317,13,44.98%,Astra Militarum
,Adepta Sororitas,162,84,77,1,52.16%,Black Templars
,Adeptus Custodes,356,172,180,4,48.88%,Black Templars
,Adeptus Mechanicus,148,68,79,1,46.28%,Black Templars
,Aeldari,314,146,161,7,47.61%,Black Templars
,Astra Militarum,312,180,129,3,58.17%,Black Templars
,Black Templars,152,74,74,4,50.00%,Black Templars
,Blood Angels,352,151,198,3,43.32%,Black Templars
,Chaos Daemons,201,94,104,3,47.51%,Black Templars
,Chaos Knights,278,119,153,6,43.88%,Black Templars
,Chaos Space Marines,332,178,150,4,54.22%,Black Templars
,Dark Angels,395,181,210,4,46.33%,Black Templars
,Death Guard,548,265,278,5,48.81%,Black Templars
,Deathwatch,45,23,20,2,53.33%,Black Templars
,Drukhari,141,69,70,2,49.65%,Black Templars
,Emperor's Children,249,136,110,3,55.22%,Black Templars
,Genestealer Cults,110,50,57,3,46.82%,Black Templars
,Grey Knights,211,102,104,5,49.53%,Black Templars
,Imperial Agents,20,10,10,0,50.00%,Black Templars
,Imperial Knights,240,116,124,0,48.33%,Black Templars
,Leagues Of Votann,255,139,112,4,55.29%,Black Templars
,Necrons,416,206,203,7,50.36%,Black Templars
,Orks,314,182,129,3,58.44%,Black Templars
,Space Marines,567,295,258,14,53.26%,Black Templars
,Space Wolves,292,153,137,2,52.74%,Black Templars
,T'au,310,140,164,6,46.13%,Black Templars
,Thousand Sons,270,138,124,8,52.59%,Black Templars
,Tyranids,527,267,250,10,51.61%,Black Templars
,World Eaters,478,213,259,6,45.19%,Black Templars
,Adepta Sororitas,280,146,132,2,52.50%,Blood Angels
,Adeptus Custodes,530,246,278,6,46.98%,Blood Angels
,Adeptus Mechanicus,194,105,84,5,55.41%,Blood Angels
,Aeldari,498,212,277,9,43.47%,Blood Angels
,Astra Militarum,494,256,234,4,52.23%,Blood Angels
,Black Templars,352,198,151,3,56.68%,Blood Angels
,Blood Angels,352,173,173,6,50.00%,Blood Angels
,Chaos Daemons,261,110,141,10,44.06%,Blood Angels
,Chaos Knights,456,193,258,5,42.87%,Blood Angels
,Chaos Space Marines,449,235,206,8,53.23%,Blood Angels
,Dark Angels,604,300,289,15,50.91%,Blood Angels
,Death Guard,767,354,401,12,46.94%,Blood Angels
,Deathwatch,83,36,46,1,43.98%,Blood Angels
,Drukhari,207,103,98,6,51.21%,Blood Angels
,Emperor's Children,389,169,213,7,44.34%,Blood Angels
,Genestealer Cults,177,87,85,5,50.56%,Blood Angels
,Grey Knights,332,169,160,3,51.36%,Blood Angels
,Imperial Agents,21,16,5,0,76.19%,Blood Angels
,Imperial Knights,467,169,288,10,37.26%,Blood Angels
,Leagues Of Votann,293,141,146,6,49.15%,Blood Angels
,Necrons,690,345,330,15,51.09%,Blood Angels
,Orks,403,234,164,5,58.68%,Blood Angels
,Space Marines,822,465,346,11,57.24%,Blood Angels
,Space Wolves,440,236,198,6,54.32%,Blood Angels
,T'au,465,216,241,8,47.31%,Blood Angels
,Thousand Sons,373,169,201,3,45.71%,Blood Angels
,Tyranids,719,337,368,14,47.84%,Blood Angels
,World Eaters,620,276,333,11,45.40%,Blood Angels
,Adepta Sororitas,173,72,96,5,43.06%,Chaos Daemons
,Adeptus Custodes,293,150,140,3,51.71%,Chaos Daemons
,Adeptus Mechanicus,98,50,43,5,53.57%,Chaos Daemons
,Aeldari,260,148,107,5,57.88%,Chaos Daemons
,Astra Militarum,289,163,122,4,57.09%,Chaos Daemons
,Black Templars,201,104,94,3,52.49%,Chaos Daemons
,Blood Angels,261,141,110,10,55.94%,Chaos Daemons
,Chaos Daemons,170,84,84,2,50.00%,Chaos Daemons
,Chaos Knights,272,134,135,3,49.82%,Chaos Daemons
,Chaos Space Marines,236,140,96,0,59.32%,Chaos Daemons
,Dark Angels,264,161,97,6,62.12%,Chaos Daemons
,Death Guard,438,196,233,9,45.78%,Chaos Daemons
,Deathwatch,49,23,25,1,47.96%,Chaos Daemons
,Drukhari,105,64,39,2,61.90%,Chaos Daemons
,Emperor's Children,243,142,98,3,59.05%,Chaos Daemons
,Genestealer Cults,79,34,45,0,43.04%,Chaos Daemons
,Grey Knights,157,85,70,2,54.78%,Chaos Daemons
,Imperial Agents,15,10,5,0,66.67%,Chaos Daemons
,Imperial Knights,319,133,182,4,42.32%,Chaos Daemons
,Leagues Of Votann,196,92,100,4,47.96%,Chaos Daemons
,Necrons,358,208,145,5,58.80%,Chaos Daemons
,Orks,213,114,94,5,54.69%,Chaos Daemons
,Space Marines,383,223,151,9,59.40%,Chaos Daemons
,Space Wolves,200,107,91,2,54.00%,Chaos Daemons
,T'au,250,131,114,5,53.40%,Chaos Daemons
,Thousand Sons,227,122,100,5,54.85%,Chaos Daemons
,Tyranids,387,213,169,5,55.68%,Chaos Daemons
,World Eaters,303,166,127,10,56.44%,Chaos Daemons
,Adepta Sororitas,256,118,131,7,47.46%,Chaos Knights
,Adeptus Custodes,530,251,272,7,48.02%,Chaos Knights
,Adeptus Mechanicus,158,84,70,4,54.43%,Chaos Knights
,Aeldari,414,203,206,5,49.64%,Chaos Knights
,Astra Militarum,473,283,186,4,60.25%,Chaos Knights
,Black Templars,278,153,119,6,56.12%,Chaos Knights
,Blood Angels,456,258,193,5,57.13%,Chaos Knights
,Chaos Daemons,272,135,134,3,50.18%,Chaos Knights
,Chaos Knights,366,178,178,10,50.00%,Chaos Knights
,Chaos Space Marines,400,224,171,5,56.63%,Chaos Knights
,Dark Angels,442,235,199,8,54.07%,Chaos Knights
,Death Guard,849,467,374,8,55.48%,Chaos Knights
,Deathwatch,76,37,38,1,49.34%,Chaos Knights
,Drukhari,185,106,78,1,57.57%,Chaos Knights
,Emperor's Children,345,253,91,1,73.48%,Chaos Knights
,Genestealer Cults,174,82,89,3,47.99%,Chaos Knights
,Grey Knights,266,153,108,5,58.46%,Chaos Knights
,Imperial Agents,22,13,9,0,59.09%,Chaos Knights
,Imperial Knights,683,285,392,6,42.17%,Chaos Knights
,Leagues Of Votann,285,151,131,3,53.51%,Chaos Knights
,Necrons,536,315,214,7,59.42%,Chaos Knights
,Orks,320,160,158,2,50.31%,Chaos Knights
,Space Marines,643,378,255,10,59.56%,Chaos Knights
,Space Wolves,350,170,176,4,49.14%,Chaos Knights
,T'au,469,284,182,3,60.87%,Chaos Knights
,Thousand Sons,388,229,152,7,59.92%,Chaos Knights
,Tyranids,507,308,194,5,61.24%,Chaos Knights
,World Eaters,557,295,252,10,53.86%,Chaos Knights
,Adepta Sororitas,266,108,154,4,41.35%,Chaos Space Marines
,Adeptus Custodes,420,194,221,5,46.79%,Chaos Space Marines
,Adeptus Mechanicus,163,65,94,4,41.10%,Chaos Space Marines
,Aeldari,377,190,182,5,51.06%,Chaos Space Marines
,Astra Militarum,391,202,186,3,52.05%,Chaos Space Marines
,Black Templars,332,150,178,4,45.78%,Chaos Space Marines
,Blood Angels,449,206,235,8,46.77%,Chaos Space Marines
,Chaos Daemons,236,96,140,0,40.68%,Chaos Space Marines
,Chaos Knights,400,171,224,5,43.38%,Chaos Space Marines
,Chaos Space Marines,264,131,131,2,50.00%,Chaos Space Marines
,Dark Angels,503,231,264,8,46.72%,Chaos Space Marines
,Death Guard,684,284,387,13,42.47%,Chaos Space Marines
,Deathwatch,70,28,41,1,40.71%,Chaos Space Marines
,Drukhari,160,66,91,3,42.19%,Chaos Space Marines
,Emperor's Children,322,150,168,4,47.20%,Chaos Space Marines
,Genestealer Cults,122,61,57,4,51.64%,Chaos Space Marines
,Grey Knights,281,141,137,3,50.71%,Chaos Space Marines
,Imperial Agents,29,16,13,0,55.17%,Chaos Space Marines
,Imperial Knights,362,146,212,4,40.88%,Chaos Space Marines
,Leagues Of Votann,264,123,138,3,47.16%,Chaos Space Marines
,Necrons,569,269,291,9,48.07%,Chaos Space Marines
,Orks,306,137,168,1,44.93%,Chaos Space Marines
,Space Marines,768,385,371,12,50.91%,Chaos Space Marines
,Space Wolves,278,110,163,5,40.47%,Chaos Space Marines
,T'au,376,185,184,7,50.13%,Chaos Space Marines
,Thousand Sons,323,140,176,7,44.43%,Chaos Space Marines
,Tyranids,524,220,301,3,42.27%,Chaos Space Marines
,World Eaters,545,201,335,9,37.71%,Chaos Space Marines
,Adepta Sororitas,321,134,182,5,42.52%,Dark Angels
,Adeptus Custodes,601,275,318,8,46.42%,Dark Angels
,Adeptus Mechanicus,189,87,99,3,46.83%,Dark Angels
,Aeldari,460,224,228,8,49.57%,Dark Angels
,Astra Militarum,507,265,225,17,53.94%,Dark Angels
,Black Templars,395,210,181,4,53.67%,Dark Angels
,Blood Angels,604,289,300,15,49.09%,Dark Angels
,Chaos Daemons,264,97,161,6,37.88%,Dark Angels
,Chaos Knights,442,199,235,8,45.93%,Dark Angels
,Chaos Space Marines,503,264,231,8,53.28%,Dark Angels
,Dark Angels,308,150,150,8,50.00%,Dark Angels
,Death Guard,843,353,475,15,42.76%,Dark Angels
,Deathwatch,98,51,44,3,53.57%,Dark Angels
,Drukhari,180,78,96,6,45.00%,Dark Angels
,Emperor's Children,439,224,206,9,52.05%,Dark Angels
,Genestealer Cults,183,81,99,3,45.08%,Dark Angels
,Grey Knights,306,153,149,4,50.65%,Dark Angels
,Imperial Agents,25,13,12,0,52.00%,Dark Angels
,Imperial Knights,484,161,321,2,33.47%,Dark Angels
,Leagues Of Votann,350,199,147,4,57.43%,Dark Angels
,Necrons,672,325,333,14,49.40%,Dark Angels
,Orks,446,232,206,8,52.91%,Dark Angels
,Space Marines,872,483,375,14,56.19%,Dark Angels
,Space Wolves,420,190,223,7,46.07%,Dark Angels
,T'au,502,251,244,7,50.70%,Dark Angels
,Thousand Sons,442,218,216,8,50.23%,Dark Angels
,Tyranids,715,366,337,12,52.03%,Dark Angels
,World Eaters,657,302,345,10,46.73%,Dark Angels
,Adepta Sororitas,487,238,244,5,49.38%,Death Guard
,Adeptus Custodes,850,426,411,13,50.88%,Death Guard
,Adeptus Mechanicus,281,161,116,4,58.01%,Death Guard
,Aeldari,789,395,382,12,50.82%,Death Guard
,Astra Militarum,801,449,336,16,57.05%,Death Guard
,Black Templars,548,278,265,5,51.19%,Death Guard
,Blood Angels,767,401,354,12,53.06%,Death Guard
,Chaos Daemons,438,233,196,9,54.22%,Death Guard
,Chaos Knights,849,374,467,8,44.52%,Death Guard
,Chaos Space Marines,684,387,284,13,57.53%,Death Guard
,Dark Angels,843,475,353,15,57.24%,Death Guard
,Death Guard,646,323,323,0,50.00%,Death Guard
,Deathwatch,134,75,54,5,57.84%,Death Guard
,Drukhari,304,141,159,4,47.04%,Death Guard
,Emperor's Children,610,363,234,13,60.57%,Death Guard
,Genestealer Cults,249,138,106,5,56.43%,Death Guard
,Grey Knights,505,290,206,9,58.32%,Death Guard
,Imperial Agents,30,24,5,1,81.67%,Death Guard
,Imperial Knights,813,381,423,9,47.42%,Death Guard
,Leagues Of Votann,504,280,220,4,55.95%,Death Guard
,Necrons,1112,596,495,21,54.54%,Death Guard
,Orks,566,331,227,8,59.19%,Death Guard
,Space Marines,1177,653,508,16,56.16%,Death Guard
,Space Wolves,620,310,296,14,51.13%,Death Guard
,T'au,716,397,304,15,56.49%,Death Guard
,Thousand Sons,733,421,303,9,58.05%,Death Guard
,Tyranids,998,525,454,19,53.56%,Death Guard
,World Eaters,1013,548,451,14,54.79%,Death Guard
,Adepta Sororitas,35,16,19,0,45.71%,Deathwatch
,Adeptus Custodes,87,38,49,0,43.68%,Deathwatch
,Adeptus Mechanicus,23,10,13,0,43.48%,Deathwatch
,Aeldari,104,44,58,2,43.27%,Deathwatch
,Astra Militarum,86,38,45,3,45.93%,Deathwatch
,Black Templars,45,20,23,2,46.67%,Deathwatch
,Blood Angels,83,46,36,1,56.02%,Deathwatch
,Chaos Daemons,49,25,23,1,52.04%,Deathwatch
,Chaos Knights,76,38,37,1,50.66%,Deathwatch
,Chaos Space Marines,70,41,28,1,59.29%,Deathwatch
,Dark Angels,98,44,51,3,46.43%,Deathwatch
,Death Guard,134,54,75,5,42.16%,Deathwatch
,Deathwatch,4,2,2,0,50.00%,Deathwatch
,Drukhari,35,17,16,2,51.43%,Deathwatch
,Emperor's Children,64,34,29,1,53.91%,Deathwatch
,Genestealer Cults,22,12,9,1,56.82%,Deathwatch
,Grey Knights,39,18,21,0,46.15%,Deathwatch
,Imperial Agents,5,2,3,0,40.00%,Deathwatch
,Imperial Knights,73,39,32,2,54.79%,Deathwatch
,Leagues Of Votann,39,16,22,1,42.31%,Deathwatch
,Necrons,104,46,57,1,44.71%,Deathwatch
,Orks,49,26,23,0,53.06%,Deathwatch
,Space Marines,130,62,64,4,49.23%,Deathwatch
,Space Wolves,96,48,48,0,50.00%,Deathwatch
,T'au,79,37,42,0,46.84%,Deathwatch
,Thousand Sons,56,27,27,2,50.00%,Deathwatch
,Tyranids,107,41,65,1,38.79%,Deathwatch
,World Eaters,102,47,54,1,46.57%,Deathwatch
,Adepta Sororitas,150,76,73,1,51.00%,Drukhari
,Adeptus Custodes,234,131,100,3,56.62%,Drukhari
,Adeptus Mechanicus,85,54,31,0,63.53%,Drukhari
,Aeldari,249,124,122,3,50.40%,Drukhari
,Astra Militarum,178,98,77,3,55.90%,Drukhari
,Black Templars,141,70,69,2,50.35%,Drukhari
,Blood Angels,207,98,103,6,48.79%,Drukhari
,Chaos Daemons,105,39,64,2,38.10%,Drukhari
,Chaos Knights,185,78,106,1,42.43%,Drukhari
,Chaos Space Marines,160,91,66,3,57.81%,Drukhari
,Dark Angels,180,96,78,6,55.00%,Drukhari
,Death Guard,304,159,141,4,52.96%,Drukhari
,Deathwatch,35,16,17,2,48.57%,Drukhari
,Drukhari,46,23,23,0,50.00%,Drukhari
,Emperor's Children,158,74,83,1,47.15%,Drukhari
,Genestealer Cults,71,29,40,2,42.25%,Drukhari
,Grey Knights,118,63,52,3,54.66%,Drukhari
,Imperial Agents,9,4,4,1,50.00%,Drukhari
,Imperial Knights,202,106,94,2,52.97%,Drukhari
,Leagues Of Votann,169,88,78,3,52.96%,Drukhari
,Necrons,278,123,147,8,45.68%,Drukhari
,Orks,193,117,75,1,60.88%,Drukhari
,Space Marines,338,209,123,6,62.72%,Drukhari
,Space Wolves,171,72,97,2,42.69%,Drukhari
,T'au,198,93,97,8,48.99%,Drukhari
,Thousand Sons,188,94,91,3,50.80%,Drukhari
,Tyranids,253,114,133,6,46.25%,Drukhari
,World Eaters,250,127,119,4,51.60%,Drukhari
,Adepta Sororitas,184,81,101,2,44.57%,Emperor's Children
,Adeptus Custodes,387,154,223,10,41.09%,Emperor's Children
,Adeptus Mechanicus,145,74,69,2,51.72%,Emperor's Children
,Aeldari,341,183,148,10,55.13%,Emperor's Children
,Astra Militarum,319,162,143,14,52.98%,Emperor's Children
,Black Templars,249,110,136,3,44.78%,Emperor's Children
,Blood Angels,389,213,169,7,55.66%,Emperor's Children
,Chaos Daemons,243,98,142,3,40.95%,Emperor's Children
,Chaos Knights,345,91,253,1,26.52%,Emperor's Children
,Chaos Space Marines,322,168,150,4,52.80%,Emperor's Children
,Dark Angels,439,206,224,9,47.95%,Emperor's Children
,Death Guard,610,234,363,13,39.43%,Emperor's Children
,Deathwatch,64,29,34,1,46.09%,Emperor's Children
,Drukhari,158,83,74,1,52.85%,Emperor's Children
,Emperor's Children,132,63,63,6,50.00%,Emperor's Children
,Genestealer Cults,127,66,59,2,52.76%,Emperor's Children
,Grey Knights,240,108,123,9,46.88%,Emperor's Children
,Imperial Agents,16,9,7,0,56.25%,Emperor's Children
,Imperial Knights,320,109,208,3,34.53%,Emperor's Children
,Leagues Of Votann,267,116,149,2,43.82%,Emperor's Children
,Necrons,450,232,203,15,53.22%,Emperor's Children
,Orks,311,164,141,6,53.70%,Emperor's Children
,Space Marines,654,347,300,7,53.59%,Emperor's Children
,Space Wolves,319,155,159,5,49.37%,Emperor's Children
,T'au,346,171,168,7,50.43%,Emperor's Children
,Thousand Sons,335,149,181,5,45.22%,Emperor's Children
,Tyranids,462,207,252,3,45.13%,Emperor's Children
,World Eaters,604,287,312,5,47.93%,Emperor's Children
,Adepta Sororitas,108,55,52,1,51.39%,Genestealer Cults
,Adeptus Custodes,157,82,74,1,52.55%,Genestealer Cults
,Adeptus Mechanicus,67,37,27,3,57.46%,Genestealer Cults
,Aeldari,141,84,55,2,60.28%,Genestealer Cults
,Astra Militarum,148,95,52,1,64.53%,Genestealer Cults
,Black Templars,110,57,50,3,53.18%,Genestealer Cults
,Blood Angels,177,85,87,5,49.44%,Genestealer Cults
,Chaos Daemons,79,45,34,0,56.96%,Genestealer Cults
,Chaos Knights,174,89,82,3,52.01%,Genestealer Cults
,Chaos Space Marines,122,57,61,4,48.36%,Genestealer Cults
,Dark Angels,183,99,81,3,54.92%,Genestealer Cults
,Death Guard,249,106,138,5,43.57%,Genestealer Cults
,Deathwatch,22,9,12,1,43.18%,Genestealer Cults
,Drukhari,71,40,29,2,57.75%,Genestealer Cults
,Emperor's Children,127,59,66,2,47.24%,Genestealer Cults
,Genestealer Cults,48,23,23,2,50.00%,Genestealer Cults
,Grey Knights,126,65,59,2,52.38%,Genestealer Cults
,Imperial Agents,8,2,5,1,31.25%,Genestealer Cults
,Imperial Knights,171,105,64,2,61.99%,Genestealer Cults
,Leagues Of Votann,126,64,57,5,52.78%,Genestealer Cults
,Necrons,199,99,97,3,50.50%,Genestealer Cults
,Orks,117,66,51,0,56.41%,Genestealer Cults
,Space Marines,260,136,118,6,53.46%,Genestealer Cults
,Space Wolves,118,52,62,4,45.76%,Genestealer Cults
,T'au,163,96,66,1,59.20%,Genestealer Cults
,Thousand Sons,145,62,79,4,44.14%,Genestealer Cults
,Tyranids,190,97,88,5,52.37%,Genestealer Cults
,World Eaters,200,108,88,4,55.00%,Genestealer Cults
,Adepta Sororitas,171,84,82,5,50.58%,Grey Knights
,Adeptus Custodes,299,159,137,3,53.68%,Grey Knights
,Adeptus Mechanicus,128,59,64,5,48.05%,Grey Knights
,Aeldari,319,167,147,5,53.13%,Grey Knights
,Astra Militarum,268,139,126,3,52.43%,Grey Knights
,Black Templars,211,104,102,5,50.47%,Grey Knights
,Blood Angels,332,160,169,3,48.64%,Grey Knights
,Chaos Daemons,157,70,85,2,45.22%,Grey Knights
,Chaos Knights,266,108,153,5,41.54%,Grey Knights
,Chaos Space Marines,281,137,141,3,49.29%,Grey Knights
,Dark Angels,306,149,153,4,49.35%,Grey Knights
,Death Guard,505,206,290,9,41.68%,Grey Knights
,Deathwatch,39,21,18,0,53.85%,Grey Knights
,Drukhari,118,52,63,3,45.34%,Grey Knights
,Emperor's Children,240,123,108,9,53.13%,Grey Knights
,Genestealer Cults,126,59,65,2,47.62%,Grey Knights
,Grey Knights,74,37,37,0,50.00%,Grey Knights
,Imperial Agents,10,6,4,0,60.00%,Grey Knights
,Imperial Knights,272,104,164,4,38.97%,Grey Knights
,Leagues Of Votann,248,131,113,4,53.63%,Grey Knights
,Necrons,359,193,158,8,54.87%,Grey Knights
,Orks,202,104,97,1,51.73%,Grey Knights
,Space Marines,485,253,226,6,52.78%,Grey Knights
,Space Wolves,244,110,128,6,46.31%,Grey Knights
,T'au,299,151,145,3,51.00%,Grey Knights
,Thousand Sons,233,115,116,2,49.79%,Grey Knights
,Tyranids,378,180,192,6,48.41%,Grey Knights
,World Eaters,424,176,237,11,42.81%,Grey Knights
,Adepta Sororitas,15,3,12,0,20.00%,Imperial Agents
,Adeptus Custodes,31,14,17,0,45.16%,Imperial Agents
,Adeptus Mechanicus,13,8,5,0,61.54%,Imperial Agents
,Aeldari,33,15,18,0,45.45%,Imperial Agents
,Astra Militarum,26,17,9,0,65.38%,Imperial Agents
,Black Templars,20,10,10,0,50.00%,Imperial Agents
,Blood Angels,21,5,16,0,23.81%,Imperial Agents
,Chaos Daemons,15,5,10,0,33.33%,Imperial Agents
,Chaos Knights,22,9,13,0,40.91%,Imperial Agents
,Chaos Space Marines,29,13,16,0,44.83%,Imperial Agents
,Dark Angels,25,12,13,0,48.00%,Imperial Agents
,Death Guard,30,5,24,1,18.33%,Imperial Agents
,Deathwatch,5,3,2,0,60.00%,Imperial Agents
,Drukhari,9,4,4,1,50.00%,Imperial Agents
,Emperor's Children,16,7,9,0,43.75%,Imperial Agents
,Genestealer Cults,8,5,2,1,68.75%,Imperial Agents
,Grey Knights,10,4,6,0,40.00%,Imperial Agents
,Imperial Agents,0,0,0,0,N/A,Imperial Agents
,Imperial Knights,22,9,13,0,40.91%,Imperial Agents
,Leagues Of Votann,25,12,13,0,48.00%,Imperial Agents
,Necrons,36,11,22,3,34.72%,Imperial Agents
,Orks,20,4,15,1,22.50%,Imperial Agents
,Space Marines,39,24,15,0,61.54%,Imperial Agents
,Space Wolves,13,2,11,0,15.38%,Imperial Agents
,T'au,22,15,7,0,68.18%,Imperial Agents
,Thousand Sons,26,12,14,0,46.15%,Imperial Agents
,Tyranids,41,17,19,5,47.56%,Imperial Agents
,World Eaters,40,14,26,0,35.00%,Imperial Agents
,Adepta Sororitas,257,126,125,6,50.19%,Imperial Knights
,Adeptus Custodes,532,277,247,8,52.82%,Imperial Knights
,Adeptus Mechanicus,162,87,71,4,54.94%,Imperial Knights
,Aeldari,433,172,252,9,40.76%,Imperial Knights
,Astra Militarum,467,281,181,5,60.71%,Imperial Knights
,Black Templars,240,124,116,0,51.67%,Imperial Knights
,Blood Angels,467,288,169,10,62.74%,Imperial Knights
,Chaos Daemons,319,182,133,4,57.68%,Imperial Knights
,Chaos Knights,683,392,285,6,57.83%,Imperial Knights
,Chaos Space Marines,362,212,146,4,59.12%,Imperial Knights
,Dark Angels,484,321,161,2,66.53%,Imperial Knights
,Death Guard,813,423,381,9,52.58%,Imperial Knights
,Deathwatch,73,32,39,2,45.21%,Imperial Knights
,Drukhari,202,94,106,2,47.03%,Imperial Knights
,Emperor's Children,320,208,109,3,65.47%,Imperial Knights
,Genestealer Cults,171,64,105,2,38.01%,Imperial Knights
,Grey Knights,272,164,104,4,61.03%,Imperial Knights
,Imperial Agents,22,13,9,0,59.09%,Imperial Knights
,Imperial Knights,390,192,192,6,50.00%,Imperial Knights
,Leagues Of Votann,360,169,185,6,47.78%,Imperial Knights
,Necrons,623,368,246,9,59.79%,Imperial Knights
,Orks,367,205,160,2,56.13%,Imperial Knights
,Space Marines,729,430,290,9,59.60%,Imperial Knights
,Space Wolves,378,170,199,9,46.16%,Imperial Knights
,T'au,410,253,155,2,61.95%,Imperial Knights
,Thousand Sons,412,254,152,6,62.38%,Imperial Knights
,Tyranids,620,399,212,9,65.08%,Imperial Knights
,World Eaters,595,306,287,2,51.60%,Imperial Knights
,Adepta Sororitas,197,109,85,3,56.09%,Leagues Of Votann
,Adeptus Custodes,305,156,142,7,52.30%,Leagues Of Votann
,Adeptus Mechanicus,134,65,66,3,49.63%,Leagues Of Votann
,Aeldari,344,163,174,7,48.40%,Leagues Of Votann
,Astra Militarum,318,159,154,5,50.79%,Leagues Of Votann
,Black Templars,255,112,139,4,44.71%,Leagues Of Votann
,Blood Angels,293,146,141,6,50.85%,Leagues Of Votann
,Chaos Daemons,196,100,92,4,52.04%,Leagues Of Votann
,Chaos Knights,285,131,151,3,46.49%,Leagues Of Votann
,Chaos Space Marines,264,138,123,3,52.84%,Leagues Of Votann
,Dark Angels,350,147,199,4,42.57%,Leagues Of Votann
,Death Guard,504,220,280,4,44.05%,Leagues Of Votann
,Deathwatch,39,22,16,1,57.69%,Leagues Of Votann
,Drukhari,169,78,88,3,47.04%,Leagues Of Votann
,Emperor's Children,267,149,116,2,56.18%,Leagues Of Votann
,Genestealer Cults,126,57,64,5,47.22%,Leagues Of Votann
,Grey Knights,248,113,131,4,46.37%,Leagues Of Votann
,Imperial Agents,25,13,12,0,52.00%,Leagues Of Votann
,Imperial Knights,360,185,169,6,52.22%,Leagues Of Votann
,Leagues Of Votann,114,55,55,4,50.00%,Leagues Of Votann
,Necrons,431,194,225,12,46.40%,Leagues Of Votann
,Orks,268,143,125,0,53.36%,Leagues Of Votann
,Space Marines,546,299,243,4,55.13%,Leagues Of Votann
,Space Wolves,255,136,116,3,53.92%,Leagues Of Votann
,T'au,345,180,162,3,52.61%,Leagues Of Votann
,Thousand Sons,246,114,131,1,46.54%,Leagues Of Votann
,Tyranids,403,194,205,4,48.64%,Leagues Of Votann
,World Eaters,374,181,188,5,49.06%,Leagues Of Votann
,Adepta Sororitas,378,205,165,8,55.29%,Necrons
,Adeptus Custodes,746,340,394,12,46.38%,Necrons
,Adeptus Mechanicus,227,117,103,7,53.08%,Necrons
,Aeldari,604,306,287,11,51.57%,Necrons
,Astra Militarum,614,346,260,8,57.00%,Necrons
,Black Templars,416,203,206,7,49.64%,Necrons
,Blood Angels,690,330,345,15,48.91%,Necrons
,Chaos Daemons,358,145,208,5,41.20%,Necrons
,Chaos Knights,536,214,315,7,40.58%,Necrons
,Chaos Space Marines,569,291,269,9,51.93%,Necrons
,Dark Angels,672,333,325,14,50.60%,Necrons
,Death Guard,1112,495,596,21,45.46%,Necrons
,Deathwatch,104,57,46,1,55.29%,Necrons
,Drukhari,278,147,123,8,54.32%,Necrons
,Emperor's Children,450,203,232,15,46.78%,Necrons
,Genestealer Cults,199,97,99,3,49.50%,Necrons
,Grey Knights,359,158,193,8,45.13%,Necrons
,Imperial Agents,36,22,11,3,65.28%,Necrons
,Imperial Knights,623,246,368,9,40.21%,Necrons
,Leagues Of Votann,431,225,194,12,53.60%,Necrons
,Necrons,468,230,230,8,50.00%,Necrons
,Orks,510,256,246,8,50.98%,Necrons
,Space Marines,1056,577,466,13,55.26%,Necrons
,Space Wolves,511,242,256,13,48.63%,Necrons
,T'au,663,372,283,8,56.71%,Necrons
,Thousand Sons,564,238,318,8,42.91%,Necrons
,Tyranids,949,449,488,12,47.95%,Necrons
,World Eaters,754,358,388,8,48.01%,Necrons
,Adepta Sororitas,233,101,129,3,43.99%,Orks
,Adeptus Custodes,432,174,253,5,40.86%,Orks
,Adeptus Mechanicus,136,73,62,1,54.04%,Orks
,Aeldari,326,163,161,2,50.31%,Orks
,Astra Militarum,438,222,207,9,51.71%,Orks
,Black Templars,314,129,182,3,41.56%,Orks
,Blood Angels,403,164,234,5,41.32%,Orks
,Chaos Daemons,213,94,114,5,45.31%,Orks
,Chaos Knights,320,158,160,2,49.69%,Orks
,Chaos Space Marines,306,168,137,1,55.07%,Orks
,Dark Angels,446,206,232,8,47.09%,Orks
,Death Guard,566,227,331,8,40.81%,Orks
,Deathwatch,49,23,26,0,46.94%,Orks
,Drukhari,193,75,117,1,39.12%,Orks
,Emperor's Children,311,141,164,6,46.30%,Orks
,Genestealer Cults,117,51,66,0,43.59%,Orks
,Grey Knights,202,97,104,1,48.27%,Orks
,Imperial Agents,20,15,4,1,77.50%,Orks
,Imperial Knights,367,160,205,2,43.87%,Orks
,Leagues Of Votann,268,125,143,0,46.64%,Orks
,Necrons,510,246,256,8,49.02%,Orks
,Orks,228,113,113,2,50.00%,Orks
,Space Marines,744,344,385,15,47.24%,Orks
,Space Wolves,340,161,174,5,48.09%,Orks
,T'au,381,180,182,19,49.74%,Orks
,Thousand Sons,283,123,156,4,44.17%,Orks
,Tyranids,537,235,295,7,44.41%,Orks
,World Eaters,552,232,313,7,42.66%,Orks
,Adepta Sororitas,477,225,245,7,47.90%,Space Marines
,Adeptus Custodes,854,367,467,20,44.15%,Space Marines
,Adeptus Mechanicus,297,132,157,8,45.79%,Space Marines
,Aeldari,715,332,371,12,47.27%,Space Marines
,Astra Militarum,808,364,429,15,45.98%,Space Marines
,Black Templars,567,258,295,14,46.74%,Space Marines
,Blood Angels,822,346,465,11,42.76%,Space Marines
,Chaos Daemons,383,151,223,9,40.60%,Space Marines
,Chaos Knights,643,255,378,10,40.44%,Space Marines
,Chaos Space Marines,768,371,385,12,49.09%,Space Marines
,Dark Angels,872,375,483,14,43.81%,Space Marines
,Death Guard,1177,508,653,16,43.84%,Space Marines
,Deathwatch,130,64,62,4,50.77%,Space Marines
,Drukhari,338,123,209,6,37.28%,Space Marines
,Emperor's Children,654,300,347,7,46.41%,Space Marines
,Genestealer Cults,260,118,136,6,46.54%,Space Marines
,Grey Knights,485,226,253,6,47.22%,Space Marines
,Imperial Agents,39,15,24,0,38.46%,Space Marines
,Imperial Knights,729,290,430,9,40.40%,Space Marines
,Leagues Of Votann,546,243,299,4,44.87%,Space Marines
,Necrons,1056,466,577,13,44.74%,Space Marines
,Orks,744,385,344,15,52.76%,Space Marines
,Space Marines,1412,697,697,18,50.00%,Space Marines
,Space Wolves,569,256,299,14,46.22%,Space Marines
,T'au,877,405,463,9,46.69%,Space Marines
,Thousand Sons,627,283,332,12,46.09%,Space Marines
,Tyranids,1147,497,627,23,44.33%,Space Marines
,World Eaters,964,417,529,18,44.19%,Space Marines
,Adepta Sororitas,204,98,105,1,48.28%,Space Wolves
,Adeptus Custodes,380,119,255,6,32.11%,Space Wolves
,Adeptus Mechanicus,126,61,65,0,48.41%,Space Wolves
,Aeldari,381,208,168,5,55.25%,Space Wolves
,Astra Militarum,384,221,158,5,58.20%,Space Wolves
,Black Templars,292,137,153,2,47.26%,Space Wolves
,Blood Angels,440,198,236,6,45.68%,Space Wolves
,Chaos Daemons,200,91,107,2,46.00%,Space Wolves
,Chaos Knights,350,176,170,4,50.86%,Space Wolves
,Chaos Space Marines,278,163,110,5,59.53%,Space Wolves
,Dark Angels,420,223,190,7,53.93%,Space Wolves
,Death Guard,620,296,310,14,48.87%,Space Wolves
,Deathwatch,96,48,48,0,50.00%,Space Wolves
,Drukhari,171,97,72,2,57.31%,Space Wolves
,Emperor's Children,319,159,155,5,50.63%,Space Wolves
,Genestealer Cults,118,62,52,4,54.24%,Space Wolves
,Grey Knights,244,128,110,6,53.69%,Space Wolves
,Imperial Agents,13,11,2,0,84.62%,Space Wolves
,Imperial Knights,378,199,170,9,53.84%,Space Wolves
,Leagues Of Votann,255,116,136,3,46.08%,Space Wolves
,Necrons,511,256,242,13,51.37%,Space Wolves
,Orks,340,174,161,5,51.91%,Space Wolves
,Space Marines,569,299,256,14,53.78%,Space Wolves
,Space Wolves,150,75,75,0,50.00%,Space Wolves
,T'au,369,208,156,5,57.05%,Space Wolves
,Thousand Sons,354,169,183,2,48.02%,Space Wolves
,Tyranids,548,269,269,10,50.00%,Space Wolves
,World Eaters,511,244,259,8,48.53%,Space Wolves
,Adepta Sororitas,315,165,142,8,53.65%,T'au
,Adeptus Custodes,470,186,277,7,40.32%,T'au
,Adeptus Mechanicus,160,82,76,2,51.88%,T'au
,Aeldari,434,183,244,7,42.97%,T'au
,Astra Militarum,491,242,242,7,50.00%,T'au
,Black Templars,310,164,140,6,53.87%,T'au
,Blood Angels,465,241,216,8,52.69%,T'au
,Chaos Daemons,250,114,131,5,46.60%,T'au
,Chaos Knights,469,182,284,3,39.13%,T'au
,Chaos Space Marines,376,184,185,7,49.87%,T'au
,Dark Angels,502,244,251,7,49.30%,T'au
,Death Guard,716,304,397,15,43.51%,T'au
,Deathwatch,79,42,37,0,53.16%,T'au
,Drukhari,198,97,93,8,51.01%,T'au
,Emperor's Children,346,168,171,7,49.57%,T'au
,Genestealer Cults,163,66,96,1,40.80%,T'au
,Grey Knights,299,145,151,3,49.00%,T'au
,Imperial Agents,22,7,15,0,31.82%,T'au
,Imperial Knights,410,155,253,2,38.05%,T'au
,Leagues Of Votann,345,162,180,3,47.39%,T'au
,Necrons,663,283,372,8,43.29%,T'au
,Orks,381,182,180,19,50.26%,T'au
,Space Marines,877,463,405,9,53.31%,T'au
,Space Wolves,369,156,208,5,42.95%,T'au
,T'au,284,140,140,4,50.00%,T'au
,Thousand Sons,398,199,189,10,51.26%,T'au
,Tyranids,668,318,338,12,48.50%,T'au
,World Eaters,513,180,326,7,35.77%,T'au
,Adepta Sororitas,226,111,110,5,50.22%,Thousand Sons
,Adeptus Custodes,429,226,198,5,53.26%,Thousand Sons
,Adeptus Mechanicus,151,71,74,6,49.01%,Thousand Sons
,Aeldari,369,216,148,5,59.21%,Thousand Sons
,Astra Militarum,428,220,201,7,52.22%,Thousand Sons
,Black Templars,270,124,138,8,47.41%,Thousand Sons
,Blood Angels,373,201,169,3,54.29%,Thousand Sons
,Chaos Daemons,227,100,122,5,45.15%,Thousand Sons
,Chaos Knights,388,152,229,7,40.08%,Thousand Sons
,Chaos Space Marines,323,176,140,7,55.57%,Thousand Sons
,Dark Angels,442,216,218,8,49.77%,Thousand Sons
,Death Guard,733,303,421,9,41.95%,Thousand Sons
,Deathwatch,56,27,27,2,50.00%,Thousand Sons
,Drukhari,188,91,94,3,49.20%,Thousand Sons
,Emperor's Children,335,181,149,5,54.78%,Thousand Sons
,Genestealer Cults,145,79,62,4,55.86%,Thousand Sons
,Grey Knights,233,116,115,2,50.21%,Thousand Sons
,Imperial Agents,26,14,12,0,53.85%,Thousand Sons
,Imperial Knights,412,152,254,6,37.62%,Thousand Sons
,Leagues Of Votann,246,131,114,1,53.46%,Thousand Sons
,Necrons,564,318,238,8,57.09%,Thousand Sons
,Orks,283,156,123,4,55.83%,Thousand Sons
,Space Marines,627,332,283,12,53.91%,Thousand Sons
,Space Wolves,354,183,169,2,51.98%,Thousand Sons
,T'au,398,189,199,10,48.74%,Thousand Sons
,Thousand Sons,112,55,55,2,50.00%,Thousand Sons
,Tyranids,573,288,276,9,51.05%,Thousand Sons
,World Eaters,484,229,247,8,48.14%,Thousand Sons
,Adepta Sororitas,326,177,140,9,55.67%,Tyranids
,Adeptus Custodes,684,296,376,12,44.15%,Tyranids
,Adeptus Mechanicus,233,113,114,6,49.79%,Tyranids
,Aeldari,603,278,320,5,46.52%,Tyranids
,Astra Militarum,672,343,313,16,52.23%,Tyranids
,Black Templars,527,250,267,10,48.39%,Tyranids
,Blood Angels,719,368,337,14,52.16%,Tyranids
,Chaos Daemons,387,169,213,5,44.32%,Tyranids
,Chaos Knights,507,194,308,5,38.76%,Tyranids
,Chaos Space Marines,524,301,220,3,57.73%,Tyranids
,Dark Angels,715,337,366,12,47.97%,Tyranids
,Death Guard,998,454,525,19,46.44%,Tyranids
,Deathwatch,107,65,41,1,61.21%,Tyranids
,Drukhari,253,133,114,6,53.75%,Tyranids
,Emperor's Children,462,252,207,3,54.87%,Tyranids
,Genestealer Cults,190,88,97,5,47.63%,Tyranids
,Grey Knights,378,192,180,6,51.59%,Tyranids
,Imperial Agents,41,19,17,5,52.44%,Tyranids
,Imperial Knights,620,212,399,9,34.92%,Tyranids
,Leagues Of Votann,403,205,194,4,51.36%,Tyranids
,Necrons,949,488,449,12,52.05%,Tyranids
,Orks,537,295,235,7,55.59%,Tyranids
,Space Marines,1147,627,497,23,55.67%,Tyranids
,Space Wolves,548,269,269,10,50.00%,Tyranids
,T'au,668,338,318,12,51.50%,Tyranids
,Thousand Sons,573,276,288,9,48.95%,Tyranids
,Tyranids,434,216,216,2,50.00%,Tyranids
,World Eaters,770,384,377,9,50.45%,Tyranids
,Adepta Sororitas,317,145,169,3,46.21%,World Eaters
,Adeptus Custodes,730,357,359,14,49.86%,World Eaters
,Adeptus Mechanicus,246,122,122,2,50.00%,World Eaters
,Aeldari,540,275,261,4,51.30%,World Eaters
,Astra Militarum,588,317,258,13,55.02%,World Eaters
,Black Templars,478,259,213,6,54.81%,World Eaters
,Blood Angels,620,333,276,11,54.60%,World Eaters
,Chaos Daemons,303,127,166,10,43.56%,World Eaters
,Chaos Knights,557,252,295,10,46.14%,World Eaters
,Chaos Space Marines,545,335,201,9,62.29%,World Eaters
,Dark Angels,657,345,302,10,53.27%,World Eaters
,Death Guard,1013,451,548,14,45.21%,World Eaters
,Deathwatch,102,54,47,1,53.43%,World Eaters
,Drukhari,250,119,127,4,48.40%,World Eaters
,Emperor's Children,604,312,287,5,52.07%,World Eaters
,Genestealer Cults,200,88,108,4,45.00%,World Eaters
,Grey Knights,424,237,176,11,57.19%,World Eaters
,Imperial Agents,40,26,14,0,65.00%,World Eaters
,Imperial Knights,595,287,306,2,48.40%,World Eaters
,Leagues Of Votann,374,188,181,5,50.94%,World Eaters
,Necrons,754,388,358,8,51.99%,World Eaters
,Orks,552,313,232,7,57.34%,World Eaters
,Space Marines,964,529,417,18,55.81%,World Eaters
,Space Wolves,511,259,244,8,51.47%,World Eaters
,T'au,513,326,180,7,64.23%,World Eaters
,Thousand Sons,484,247,229,8,51.86%,World Eaters
,Tyranids,770,377,384,9,49.55%,World Eaters
,World Eaters,368,183,183,2,50.00%,World Eaters
