Mission,Deployment,Games,Win %,VP,Faction
Burden Of Trust,Crucible Of Battle,13,61.54%,71.63,Adepta Sororitas
Burden Of Trust,Dawn Of War,25,72.00%,62.00,Adepta Sororitas
Burden Of Trust,Hammer And Anvil,25,48.00%,59.08,Adepta Sororitas
Burden Of Trust,Search And Destroy,21,38.10%,69.88,Adepta Sororitas
Burden Of Trust,Sweeping Engagement,10,40.00%,59.50,Adepta Sororitas
Burden Of Trust,Tipping Point,12,41.67%,63.80,Adepta Sororitas
Hidden Supplies,Crucible Of Battle,147,48.98%,72.99,Adepta Sororitas
Hidden Supplies,Dawn Of War,23,52.17%,73.92,Adepta Sororitas
Hidden Supplies,Hammer And Anvil,177,51.98%,74.83,Adepta Sororitas
Hidden Supplies,Search And Destroy,372,53.23%,76.28,Adepta Sororitas
Hidden Supplies,Sweeping Engagement,7,14.29%,61.00,Adepta Sororitas
Hidden Supplies,Tipping Point,8,62.50%,79.20,Adepta Sororitas
Linchpin,Crucible Of Battle,80,50.00%,74.28,Adepta Sororitas
Linchpin,Dawn Of War,209,45.45%,69.63,Adepta Sororitas
Linchpin,Hammer And Anvil,14,50.00%,61.00,Adepta Sororitas
Linchpin,Search And Destroy,420,53.33%,74.64,Adepta Sororitas
Linchpin,Sweeping Engagement,18,55.56%,68.20,Adepta Sororitas
Linchpin,Tipping Point,401,50.87%,75.98,Adepta Sororitas
Purge The Foe,Crucible Of Battle,429,48.95%,82.29,Adepta Sororitas
Purge The Foe,Dawn Of War,139,45.32%,72.52,Adepta Sororitas
Purge The Foe,Hammer And Anvil,252,54.37%,78.73,Adepta Sororitas
Purge The Foe,Search And Destroy,23,47.83%,79.55,Adepta Sororitas
Purge The Foe,Sweeping Engagement,14,42.86%,70.17,Adepta Sororitas
Purge The Foe,Tipping Point,24,37.50%,78.00,Adepta Sororitas
Scorched Earth,Crucible Of Battle,274,48.18%,80.61,Adepta Sororitas
Scorched Earth,Dawn Of War,20,55.00%,67.45,Adepta Sororitas
Scorched Earth,Hammer And Anvil,20,55.00%,77.09,Adepta Sororitas
Scorched Earth,Search And Destroy,251,49.80%,77.90,Adepta Sororitas
Scorched Earth,Sweeping Engagement,9,77.78%,77.86,Adepta Sororitas
Scorched Earth,Tipping Point,262,46.18%,78.02,Adepta Sororitas
Supply Drop,Crucible Of Battle,12,50.00%,72.50,Adepta Sororitas
Supply Drop,Dawn Of War,8,50.00%,68.50,Adepta Sororitas
Supply Drop,Hammer And Anvil,170,50.59%,63.74,Adepta Sororitas
Supply Drop,Search And Destroy,13,23.08%,71.67,Adepta Sororitas
Supply Drop,Sweeping Engagement,93,40.86%,68.45,Adepta Sororitas
Supply Drop,Tipping Point,225,50.67%,66.30,Adepta Sororitas
Take And Hold,Crucible Of Battle,43,53.49%,71.00,Adepta Sororitas
Take And Hold,Dawn Of War,64,53.13%,72.03,Adepta Sororitas
Take And Hold,Hammer And Anvil,318,50.00%,77.96,Adepta Sororitas
Take And Hold,Search And Destroy,433,50.12%,82.24,Adepta Sororitas
Take And Hold,Sweeping Engagement,37,48.65%,70.44,Adepta Sororitas
Take And Hold,Tipping Point,524,54.58%,75.42,Adepta Sororitas
Terraform,Crucible Of Battle,423,55.56%,77.75,Adepta Sororitas
Terraform,Dawn Of War,22,31.82%,82.00,Adepta Sororitas
Terraform,Hammer And Anvil,16,25.00%,46.25,Adepta Sororitas
Terraform,Search And Destroy,24,41.67%,76.60,Adepta Sororitas
Terraform,Sweeping Engagement,303,52.15%,78.46,Adepta Sororitas
Terraform,Tipping Point,25,48.00%,82.00,Adepta Sororitas
The Ritual,Crucible Of Battle,5,40.00%,68.50,Adepta Sororitas
The Ritual,Dawn Of War,12,33.33%,80.50,Adepta Sororitas
Burden Of Trust,Crucible Of Battle,18,44.44%,56.75,Adeptus Custodes
Burden Of Trust,Dawn Of War,43,48.84%,61.57,Adeptus Custodes
Burden Of Trust,Hammer And Anvil,32,56.25%,66.28,Adeptus Custodes
Burden Of Trust,Search And Destroy,29,48.28%,66.71,Adeptus Custodes
Burden Of Trust,Sweeping Engagement,23,47.83%,67.36,Adeptus Custodes
Burden Of Trust,Tipping Point,26,38.46%,75.50,Adeptus Custodes
Hidden Supplies,Crucible Of Battle,369,51.76%,74.61,Adeptus Custodes
Hidden Supplies,Dawn Of War,25,40.00%,63.40,Adeptus Custodes
Hidden Supplies,Hammer And Anvil,311,52.41%,74.37,Adeptus Custodes
Hidden Supplies,Search And Destroy,587,51.45%,75.71,Adeptus Custodes
Hidden Supplies,Sweeping Engagement,17,58.82%,63.20,Adeptus Custodes
Hidden Supplies,Tipping Point,31,38.71%,79.00,Adeptus Custodes
Linchpin,Crucible Of Battle,148,47.30%,76.97,Adeptus Custodes
Linchpin,Dawn Of War,397,50.13%,69.71,Adeptus Custodes
Linchpin,Hammer And Anvil,69,53.62%,67.78,Adeptus Custodes
Linchpin,Search And Destroy,705,50.78%,73.36,Adeptus Custodes
Linchpin,Sweeping Engagement,36,69.44%,75.04,Adeptus Custodes
Linchpin,Tipping Point,736,56.11%,71.32,Adeptus Custodes
Purge The Foe,Crucible Of Battle,873,54.30%,81.86,Adeptus Custodes
Purge The Foe,Dawn Of War,213,49.77%,73.03,Adeptus Custodes
Purge The Foe,Hammer And Anvil,492,53.66%,77.93,Adeptus Custodes
Purge The Foe,Search And Destroy,49,48.98%,79.42,Adeptus Custodes
Purge The Foe,Sweeping Engagement,42,52.38%,75.73,Adeptus Custodes
Purge The Foe,Tipping Point,48,50.00%,84.17,Adeptus Custodes
Scorched Earth,Crucible Of Battle,477,51.99%,76.21,Adeptus Custodes
Scorched Earth,Dawn Of War,41,60.98%,69.72,Adeptus Custodes
Scorched Earth,Hammer And Anvil,38,55.26%,66.81,Adeptus Custodes
Scorched Earth,Search And Destroy,436,50.92%,78.36,Adeptus Custodes
Scorched Earth,Sweeping Engagement,22,54.55%,69.58,Adeptus Custodes
Scorched Earth,Tipping Point,546,52.56%,78.65,Adeptus Custodes
Supply Drop,Crucible Of Battle,34,55.88%,63.74,Adeptus Custodes
Supply Drop,Dawn Of War,11,45.45%,76.40,Adeptus Custodes
Supply Drop,Hammer And Anvil,358,54.19%,67.92,Adeptus Custodes
Supply Drop,Search And Destroy,36,58.33%,68.10,Adeptus Custodes
Supply Drop,Sweeping Engagement,188,55.85%,64.15,Adeptus Custodes
Supply Drop,Tipping Point,393,49.11%,68.96,Adeptus Custodes
Take And Hold,Crucible Of Battle,78,42.31%,75.15,Adeptus Custodes
Take And Hold,Dawn Of War,128,44.53%,67.75,Adeptus Custodes
Take And Hold,Hammer And Anvil,573,55.32%,74.74,Adeptus Custodes
Take And Hold,Search And Destroy,774,53.88%,80.42,Adeptus Custodes
Take And Hold,Sweeping Engagement,51,56.86%,74.90,Adeptus Custodes
Take And Hold,Tipping Point,999,54.45%,78.49,Adeptus Custodes
Terraform,Crucible Of Battle,717,52.30%,77.46,Adeptus Custodes
Terraform,Dawn Of War,45,55.56%,75.52,Adeptus Custodes
Terraform,Hammer And Anvil,42,59.52%,72.36,Adeptus Custodes
Terraform,Search And Destroy,53,47.17%,72.92,Adeptus Custodes
Terraform,Sweeping Engagement,519,50.10%,79.37,Adeptus Custodes
Terraform,Tipping Point,48,52.08%,65.04,Adeptus Custodes
The Ritual,Crucible Of Battle,15,60.00%,82.33,Adeptus Custodes
The Ritual,Dawn Of War,11,54.55%,73.50,Adeptus Custodes
Burden Of Trust,Crucible Of Battle,7,57.14%,52.25,Adeptus Mechanicus
Burden Of Trust,Dawn Of War,15,40.00%,62.17,Adeptus Mechanicus
Burden Of Trust,Hammer And Anvil,11,27.27%,57.33,Adeptus Mechanicus
Burden Of Trust,Search And Destroy,8,50.00%,57.75,Adeptus Mechanicus
Burden Of Trust,Sweeping Engagement,3,100.00%,50.67,Adeptus Mechanicus
Burden Of Trust,Tipping Point,9,44.44%,50.00,Adeptus Mechanicus
Hidden Supplies,Crucible Of Battle,124,54.03%,75.60,Adeptus Mechanicus
Hidden Supplies,Dawn Of War,9,55.56%,75.80,Adeptus Mechanicus
Hidden Supplies,Hammer And Anvil,112,49.11%,68.51,Adeptus Mechanicus
Hidden Supplies,Search And Destroy,228,57.89%,75.54,Adeptus Mechanicus
Hidden Supplies,Sweeping Engagement,7,14.29%,32.00,Adeptus Mechanicus
Hidden Supplies,Tipping Point,14,64.29%,61.44,Adeptus Mechanicus
Linchpin,Crucible Of Battle,79,51.90%,74.29,Adeptus Mechanicus
Linchpin,Dawn Of War,116,47.41%,67.38,Adeptus Mechanicus
Linchpin,Hammer And Anvil,23,39.13%,69.44,Adeptus Mechanicus
Linchpin,Search And Destroy,219,46.58%,75.77,Adeptus Mechanicus
Linchpin,Sweeping Engagement,16,31.25%,73.60,Adeptus Mechanicus
Linchpin,Tipping Point,276,50.36%,70.77,Adeptus Mechanicus
Purge The Foe,Crucible Of Battle,300,51.00%,82.24,Adeptus Mechanicus
Purge The Foe,Dawn Of War,81,40.74%,73.00,Adeptus Mechanicus
Purge The Foe,Hammer And Anvil,176,50.00%,80.82,Adeptus Mechanicus
Purge The Foe,Search And Destroy,17,41.18%,75.43,Adeptus Mechanicus
Purge The Foe,Sweeping Engagement,13,61.54%,82.50,Adeptus Mechanicus
Purge The Foe,Tipping Point,20,40.00%,76.38,Adeptus Mechanicus
Scorched Earth,Crucible Of Battle,181,55.25%,77.73,Adeptus Mechanicus
Scorched Earth,Dawn Of War,10,50.00%,68.00,Adeptus Mechanicus
Scorched Earth,Hammer And Anvil,16,43.75%,71.86,Adeptus Mechanicus
Scorched Earth,Search And Destroy,125,48.80%,73.52,Adeptus Mechanicus
Scorched Earth,Sweeping Engagement,10,30.00%,65.67,Adeptus Mechanicus
Scorched Earth,Tipping Point,199,39.70%,76.13,Adeptus Mechanicus
Supply Drop,Crucible Of Battle,14,57.14%,59.25,Adeptus Mechanicus
Supply Drop,Dawn Of War,10,50.00%,58.00,Adeptus Mechanicus
Supply Drop,Hammer And Anvil,114,50.88%,63.36,Adeptus Mechanicus
Supply Drop,Search And Destroy,7,71.43%,59.60,Adeptus Mechanicus
Supply Drop,Sweeping Engagement,54,53.70%,65.38,Adeptus Mechanicus
Supply Drop,Tipping Point,127,50.39%,63.13,Adeptus Mechanicus
Take And Hold,Crucible Of Battle,36,47.22%,76.59,Adeptus Mechanicus
Take And Hold,Dawn Of War,39,43.59%,76.59,Adeptus Mechanicus
Take And Hold,Hammer And Anvil,206,42.23%,78.29,Adeptus Mechanicus
Take And Hold,Search And Destroy,320,49.06%,79.69,Adeptus Mechanicus
Take And Hold,Sweeping Engagement,20,50.00%,86.30,Adeptus Mechanicus
Take And Hold,Tipping Point,335,47.16%,76.85,Adeptus Mechanicus
Terraform,Crucible Of Battle,265,51.32%,79.65,Adeptus Mechanicus
Terraform,Dawn Of War,29,41.38%,71.83,Adeptus Mechanicus
Terraform,Hammer And Anvil,21,57.14%,73.08,Adeptus Mechanicus
Terraform,Search And Destroy,22,36.36%,79.63,Adeptus Mechanicus
Terraform,Sweeping Engagement,165,60.00%,78.13,Adeptus Mechanicus
Terraform,Tipping Point,17,58.82%,72.00,Adeptus Mechanicus
The Ritual,Crucible Of Battle,3,66.67%,88.00,Adeptus Mechanicus
The Ritual,Dawn Of War,7,42.86%,74.00,Adeptus Mechanicus
Burden Of Trust,Crucible Of Battle,31,29.03%,68.56,Aeldari
Burden Of Trust,Dawn Of War,30,46.67%,56.93,Aeldari
Burden Of Trust,Hammer And Anvil,23,65.22%,63.33,Aeldari
Burden Of Trust,Search And Destroy,33,45.45%,66.40,Aeldari
Burden Of Trust,Sweeping Engagement,13,30.77%,68.00,Aeldari
Burden Of Trust,Tipping Point,22,68.18%,67.20,Aeldari
Hidden Supplies,Crucible Of Battle,312,48.40%,74.56,Aeldari
Hidden Supplies,Dawn Of War,25,56.00%,74.79,Aeldari
Hidden Supplies,Hammer And Anvil,276,50.00%,70.95,Aeldari
Hidden Supplies,Search And Destroy,646,51.55%,76.84,Aeldari
Hidden Supplies,Sweeping Engagement,10,10.00%,75.00,Aeldari
Hidden Supplies,Tipping Point,24,45.83%,58.00,Aeldari
Linchpin,Crucible Of Battle,168,53.57%,77.93,Aeldari
Linchpin,Dawn Of War,334,49.10%,69.95,Aeldari
Linchpin,Hammer And Anvil,47,57.45%,71.33,Aeldari
Linchpin,Search And Destroy,667,49.03%,74.73,Aeldari
Linchpin,Sweeping Engagement,29,37.93%,64.09,Aeldari
Linchpin,Tipping Point,618,51.13%,73.26,Aeldari
Purge The Foe,Crucible Of Battle,807,49.69%,81.98,Aeldari
Purge The Foe,Dawn Of War,192,50.52%,77.32,Aeldari
Purge The Foe,Hammer And Anvil,383,49.09%,82.17,Aeldari
Purge The Foe,Search And Destroy,47,51.06%,76.83,Aeldari
Purge The Foe,Sweeping Engagement,26,46.15%,80.08,Aeldari
Purge The Foe,Tipping Point,42,45.24%,72.84,Aeldari
Scorched Earth,Crucible Of Battle,477,50.94%,79.71,Aeldari
Scorched Earth,Dawn Of War,25,48.00%,67.75,Aeldari
Scorched Earth,Hammer And Anvil,30,40.00%,74.92,Aeldari
Scorched Earth,Search And Destroy,405,47.90%,79.39,Aeldari
Scorched Earth,Sweeping Engagement,22,40.91%,80.00,Aeldari
Scorched Earth,Tipping Point,477,51.57%,76.70,Aeldari
Supply Drop,Crucible Of Battle,21,38.10%,61.88,Aeldari
Supply Drop,Dawn Of War,25,64.00%,64.88,Aeldari
Supply Drop,Hammer And Anvil,297,49.83%,66.73,Aeldari
Supply Drop,Search And Destroy,23,52.17%,63.67,Aeldari
Supply Drop,Sweeping Engagement,160,48.75%,63.91,Aeldari
Supply Drop,Tipping Point,335,48.66%,68.97,Aeldari
Take And Hold,Crucible Of Battle,57,56.14%,73.72,Aeldari
Take And Hold,Dawn Of War,71,50.70%,72.75,Aeldari
Take And Hold,Hammer And Anvil,488,48.98%,75.45,Aeldari
Take And Hold,Search And Destroy,781,53.78%,81.17,Aeldari
Take And Hold,Sweeping Engagement,43,62.79%,80.48,Aeldari
Take And Hold,Tipping Point,839,52.44%,76.78,Aeldari
Terraform,Crucible Of Battle,691,53.26%,78.60,Aeldari
Terraform,Dawn Of War,38,50.00%,77.68,Aeldari
Terraform,Hammer And Anvil,28,46.43%,66.38,Aeldari
Terraform,Search And Destroy,37,56.76%,72.38,Aeldari
Terraform,Sweeping Engagement,489,51.53%,82.15,Aeldari
Terraform,Tipping Point,46,41.30%,74.74,Aeldari
The Ritual,Crucible Of Battle,11,63.64%,62.57,Aeldari
The Ritual,Dawn Of War,10,80.00%,59.38,Aeldari
Burden Of Trust,Crucible Of Battle,34,50.00%,70.65,Astra Militarum
Burden Of Trust,Dawn Of War,37,45.95%,56.53,Astra Militarum
Burden Of Trust,Hammer And Anvil,34,47.06%,64.81,Astra Militarum
Burden Of Trust,Search And Destroy,28,46.43%,55.69,Astra Militarum
Burden Of Trust,Sweeping Engagement,22,40.91%,73.33,Astra Militarum
Burden Of Trust,Tipping Point,22,36.36%,58.38,Astra Militarum
Hidden Supplies,Crucible Of Battle,303,50.17%,71.17,Astra Militarum
Hidden Supplies,Dawn Of War,27,51.85%,66.29,Astra Militarum
Hidden Supplies,Hammer And Anvil,321,42.99%,68.82,Astra Militarum
Hidden Supplies,Search And Destroy,502,42.83%,74.49,Astra Militarum
Hidden Supplies,Sweeping Engagement,17,52.94%,55.33,Astra Militarum
Hidden Supplies,Tipping Point,32,46.88%,76.73,Astra Militarum
Linchpin,Crucible Of Battle,134,44.03%,74.22,Astra Militarum
Linchpin,Dawn Of War,350,47.71%,68.94,Astra Militarum
Linchpin,Hammer And Anvil,82,36.59%,62.77,Astra Militarum
Linchpin,Search And Destroy,628,46.50%,73.95,Astra Militarum
Linchpin,Sweeping Engagement,41,46.34%,70.53,Astra Militarum
Linchpin,Tipping Point,648,49.23%,71.61,Astra Militarum
Purge The Foe,Crucible Of Battle,768,49.48%,79.58,Astra Militarum
Purge The Foe,Dawn Of War,243,43.21%,77.87,Astra Militarum
Purge The Foe,Hammer And Anvil,485,43.71%,75.24,Astra Militarum
Purge The Foe,Search And Destroy,52,40.38%,84.90,Astra Militarum
Purge The Foe,Sweeping Engagement,40,37.50%,71.53,Astra Militarum
Purge The Foe,Tipping Point,36,61.11%,78.95,Astra Militarum
Scorched Earth,Crucible Of Battle,478,44.77%,74.47,Astra Militarum
Scorched Earth,Dawn Of War,36,47.22%,74.41,Astra Militarum
Scorched Earth,Hammer And Anvil,25,32.00%,69.50,Astra Militarum
Scorched Earth,Search And Destroy,435,43.68%,77.49,Astra Militarum
Scorched Earth,Sweeping Engagement,33,45.45%,74.53,Astra Militarum
Scorched Earth,Tipping Point,510,48.82%,76.31,Astra Militarum
Supply Drop,Crucible Of Battle,19,31.58%,62.83,Astra Militarum
Supply Drop,Dawn Of War,29,44.83%,58.69,Astra Militarum
Supply Drop,Hammer And Anvil,305,45.25%,63.71,Astra Militarum
Supply Drop,Search And Destroy,28,42.86%,65.83,Astra Militarum
Supply Drop,Sweeping Engagement,189,38.62%,65.30,Astra Militarum
Supply Drop,Tipping Point,380,47.89%,66.91,Astra Militarum
Take And Hold,Crucible Of Battle,71,46.48%,79.97,Astra Militarum
Take And Hold,Dawn Of War,112,40.18%,66.38,Astra Militarum
Take And Hold,Hammer And Anvil,549,42.62%,74.06,Astra Militarum
Take And Hold,Search And Destroy,741,45.88%,78.02,Astra Militarum
Take And Hold,Sweeping Engagement,52,50.00%,73.31,Astra Militarum
Take And Hold,Tipping Point,936,45.51%,74.43,Astra Militarum
Terraform,Crucible Of Battle,681,48.31%,77.10,Astra Militarum
Terraform,Dawn Of War,38,47.37%,72.61,Astra Militarum
Terraform,Hammer And Anvil,46,50.00%,61.22,Astra Militarum
Terraform,Search And Destroy,34,50.00%,77.06,Astra Militarum
Terraform,Sweeping Engagement,467,46.25%,77.40,Astra Militarum
Terraform,Tipping Point,37,43.24%,70.31,Astra Militarum
The Ritual,Crucible Of Battle,9,33.33%,62.33,Astra Militarum
The Ritual,Dawn Of War,18,33.33%,70.33,Astra Militarum
Burden Of Trust,Crucible Of Battle,18,50.00%,67.00,Black Templars
Burden Of Trust,Dawn Of War,32,53.13%,62.00,Black Templars
Burden Of Trust,Hammer And Anvil,16,56.25%,59.00,Black Templars
Burden Of Trust,Search And Destroy,19,31.58%,64.50,Black Templars
Burden Of Trust,Sweeping Engagement,18,44.44%,59.63,Black Templars
Burden Of Trust,Tipping Point,13,38.46%,60.00,Black Templars
Hidden Supplies,Crucible Of Battle,217,55.30%,73.78,Black Templars
Hidden Supplies,Dawn Of War,18,50.00%,65.22,Black Templars
Hidden Supplies,Hammer And Anvil,219,52.97%,74.37,Black Templars
Hidden Supplies,Search And Destroy,416,51.44%,75.78,Black Templars
Hidden Supplies,Sweeping Engagement,13,53.85%,59.29,Black Templars
Hidden Supplies,Tipping Point,17,58.82%,72.40,Black Templars
Linchpin,Crucible Of Battle,120,49.17%,73.31,Black Templars
Linchpin,Dawn Of War,254,47.64%,68.38,Black Templars
Linchpin,Hammer And Anvil,47,48.94%,62.65,Black Templars
Linchpin,Search And Destroy,432,53.24%,72.82,Black Templars
Linchpin,Sweeping Engagement,29,48.28%,65.86,Black Templars
Linchpin,Tipping Point,471,48.83%,71.47,Black Templars
Purge The Foe,Crucible Of Battle,577,50.09%,79.43,Black Templars
Purge The Foe,Dawn Of War,186,54.84%,73.85,Black Templars
Purge The Foe,Hammer And Anvil,348,46.84%,73.12,Black Templars
Purge The Foe,Search And Destroy,34,73.53%,76.24,Black Templars
Purge The Foe,Sweeping Engagement,22,54.55%,74.17,Black Templars
Purge The Foe,Tipping Point,20,35.00%,66.57,Black Templars
Scorched Earth,Crucible Of Battle,336,47.02%,77.72,Black Templars
Scorched Earth,Dawn Of War,26,42.31%,70.27,Black Templars
Scorched Earth,Hammer And Anvil,31,45.16%,65.79,Black Templars
Scorched Earth,Search And Destroy,300,51.00%,74.53,Black Templars
Scorched Earth,Sweeping Engagement,12,58.33%,55.86,Black Templars
Scorched Earth,Tipping Point,330,47.27%,75.77,Black Templars
Supply Drop,Crucible Of Battle,15,60.00%,60.00,Black Templars
Supply Drop,Dawn Of War,21,52.38%,67.73,Black Templars
Supply Drop,Hammer And Anvil,211,48.34%,68.90,Black Templars
Supply Drop,Search And Destroy,32,40.63%,58.23,Black Templars
Supply Drop,Sweeping Engagement,119,52.94%,71.30,Black Templars
Supply Drop,Tipping Point,212,49.53%,67.87,Black Templars
Take And Hold,Crucible Of Battle,52,46.15%,73.00,Black Templars
Take And Hold,Dawn Of War,83,50.60%,68.64,Black Templars
Take And Hold,Hammer And Anvil,411,53.04%,74.29,Black Templars
Take And Hold,Search And Destroy,543,53.04%,78.35,Black Templars
Take And Hold,Sweeping Engagement,33,51.52%,74.94,Black Templars
Take And Hold,Tipping Point,642,48.29%,78.30,Black Templars
Terraform,Crucible Of Battle,467,49.68%,74.41,Black Templars
Terraform,Dawn Of War,25,44.00%,78.36,Black Templars
Terraform,Hammer And Anvil,26,57.69%,77.40,Black Templars
Terraform,Search And Destroy,36,66.67%,69.00,Black Templars
Terraform,Sweeping Engagement,323,46.75%,76.08,Black Templars
Terraform,Tipping Point,29,44.83%,63.38,Black Templars
The Ritual,Crucible Of Battle,6,100.00%,54.67,Black Templars
The Ritual,Dawn Of War,7,71.43%,58.60,Black Templars
Burden Of Trust,Crucible Of Battle,35,42.86%,69.27,Blood Angels
Burden Of Trust,Dawn Of War,42,47.62%,56.15,Blood Angels
Burden Of Trust,Hammer And Anvil,30,46.67%,69.14,Blood Angels
Burden Of Trust,Search And Destroy,40,52.50%,63.95,Blood Angels
Burden Of Trust,Sweeping Engagement,21,66.67%,66.07,Blood Angels
Burden Of Trust,Tipping Point,25,28.00%,61.43,Blood Angels
Hidden Supplies,Crucible Of Battle,311,47.59%,72.65,Blood Angels
Hidden Supplies,Dawn Of War,32,53.13%,66.59,Blood Angels
Hidden Supplies,Hammer And Anvil,294,52.04%,72.90,Blood Angels
Hidden Supplies,Search And Destroy,672,48.36%,76.48,Blood Angels
Hidden Supplies,Sweeping Engagement,25,68.00%,70.76,Blood Angels
Hidden Supplies,Tipping Point,34,61.76%,76.81,Blood Angels
Linchpin,Crucible Of Battle,172,43.60%,77.35,Blood Angels
Linchpin,Dawn Of War,403,45.91%,70.93,Blood Angels
Linchpin,Hammer And Anvil,46,52.17%,60.17,Blood Angels
Linchpin,Search And Destroy,623,46.23%,73.70,Blood Angels
Linchpin,Sweeping Engagement,44,56.82%,68.04,Blood Angels
Linchpin,Tipping Point,734,52.72%,72.53,Blood Angels
Purge The Foe,Crucible Of Battle,868,47.00%,82.90,Blood Angels
Purge The Foe,Dawn Of War,238,53.78%,76.88,Blood Angels
Purge The Foe,Hammer And Anvil,470,46.60%,75.80,Blood Angels
Purge The Foe,Search And Destroy,53,54.72%,74.48,Blood Angels
Purge The Foe,Sweeping Engagement,38,57.89%,65.55,Blood Angels
Purge The Foe,Tipping Point,62,56.45%,71.74,Blood Angels
Scorched Earth,Crucible Of Battle,487,50.10%,77.48,Blood Angels
Scorched Earth,Dawn Of War,34,55.88%,61.37,Blood Angels
Scorched Earth,Hammer And Anvil,39,56.41%,72.27,Blood Angels
Scorched Earth,Search And Destroy,409,53.30%,78.56,Blood Angels
Scorched Earth,Sweeping Engagement,28,67.86%,79.42,Blood Angels
Scorched Earth,Tipping Point,435,48.97%,76.00,Blood Angels
Supply Drop,Crucible Of Battle,31,54.84%,52.71,Blood Angels
Supply Drop,Dawn Of War,20,50.00%,58.60,Blood Angels
Supply Drop,Hammer And Anvil,315,44.44%,65.24,Blood Angels
Supply Drop,Search And Destroy,35,40.00%,65.36,Blood Angels
Supply Drop,Sweeping Engagement,170,50.59%,65.43,Blood Angels
Supply Drop,Tipping Point,364,46.15%,65.48,Blood Angels
Take And Hold,Crucible Of Battle,76,44.74%,76.18,Blood Angels
Take And Hold,Dawn Of War,97,52.58%,71.00,Blood Angels
Take And Hold,Hammer And Anvil,529,47.83%,73.67,Blood Angels
Take And Hold,Search And Destroy,858,49.65%,79.62,Blood Angels
Take And Hold,Sweeping Engagement,51,60.78%,74.35,Blood Angels
Take And Hold,Tipping Point,899,48.05%,74.69,Blood Angels
Terraform,Crucible Of Battle,683,52.12%,77.91,Blood Angels
Terraform,Dawn Of War,45,48.89%,75.68,Blood Angels
Terraform,Hammer And Anvil,30,53.33%,79.75,Blood Angels
Terraform,Search And Destroy,57,49.12%,72.79,Blood Angels
Terraform,Sweeping Engagement,529,49.53%,81.12,Blood Angels
Terraform,Tipping Point,38,47.37%,73.94,Blood Angels
The Ritual,Crucible Of Battle,14,57.14%,67.38,Blood Angels
The Ritual,Dawn Of War,13,61.54%,58.00,Blood Angels
Burden Of Trust,Crucible Of Battle,10,50.00%,75.00,Chaos Daemons
Burden Of Trust,Dawn Of War,14,64.29%,64.33,Chaos Daemons
Burden Of Trust,Hammer And Anvil,12,58.33%,72.86,Chaos Daemons
Burden Of Trust,Search And Destroy,15,60.00%,65.78,Chaos Daemons
Burden Of Trust,Sweeping Engagement,11,45.45%,72.20,Chaos Daemons
Burden Of Trust,Tipping Point,11,54.55%,75.00,Chaos Daemons
Hidden Supplies,Crucible Of Battle,199,48.74%,76.80,Chaos Daemons
Hidden Supplies,Dawn Of War,20,45.00%,88.11,Chaos Daemons
Hidden Supplies,Hammer And Anvil,166,52.41%,77.40,Chaos Daemons
Hidden Supplies,Search And Destroy,333,55.26%,77.41,Chaos Daemons
Hidden Supplies,Sweeping Engagement,8,75.00%,72.17,Chaos Daemons
Hidden Supplies,Tipping Point,8,37.50%,74.00,Chaos Daemons
Linchpin,Crucible Of Battle,100,58.00%,76.34,Chaos Daemons
Linchpin,Dawn Of War,192,51.04%,73.94,Chaos Daemons
Linchpin,Hammer And Anvil,24,66.67%,68.94,Chaos Daemons
Linchpin,Search And Destroy,392,52.30%,72.72,Chaos Daemons
Linchpin,Sweeping Engagement,23,47.83%,72.91,Chaos Daemons
Linchpin,Tipping Point,387,53.23%,74.48,Chaos Daemons
Purge The Foe,Crucible Of Battle,424,54.25%,81.58,Chaos Daemons
Purge The Foe,Dawn Of War,111,54.95%,78.30,Chaos Daemons
Purge The Foe,Hammer And Anvil,231,59.74%,78.49,Chaos Daemons
Purge The Foe,Search And Destroy,29,55.17%,66.13,Chaos Daemons
Purge The Foe,Sweeping Engagement,15,60.00%,79.44,Chaos Daemons
Purge The Foe,Tipping Point,29,75.86%,84.73,Chaos Daemons
Scorched Earth,Crucible Of Battle,300,54.00%,81.69,Chaos Daemons
Scorched Earth,Dawn Of War,12,58.33%,63.00,Chaos Daemons
Scorched Earth,Hammer And Anvil,18,55.56%,74.10,Chaos Daemons
Scorched Earth,Search And Destroy,249,56.22%,78.40,Chaos Daemons
Scorched Earth,Sweeping Engagement,12,66.67%,58.25,Chaos Daemons
Scorched Earth,Tipping Point,260,56.15%,79.54,Chaos Daemons
Supply Drop,Crucible Of Battle,13,46.15%,69.33,Chaos Daemons
Supply Drop,Dawn Of War,8,62.50%,71.00,Chaos Daemons
Supply Drop,Hammer And Anvil,170,49.41%,66.42,Chaos Daemons
Supply Drop,Search And Destroy,12,50.00%,80.67,Chaos Daemons
Supply Drop,Sweeping Engagement,93,46.24%,70.51,Chaos Daemons
Supply Drop,Tipping Point,203,64.04%,70.84,Chaos Daemons
Take And Hold,Crucible Of Battle,44,47.73%,75.29,Chaos Daemons
Take And Hold,Dawn Of War,52,51.92%,79.63,Chaos Daemons
Take And Hold,Hammer And Anvil,331,51.96%,79.10,Chaos Daemons
Take And Hold,Search And Destroy,446,53.14%,82.74,Chaos Daemons
Take And Hold,Sweeping Engagement,21,47.62%,75.70,Chaos Daemons
Take And Hold,Tipping Point,492,50.61%,81.69,Chaos Daemons
Terraform,Crucible Of Battle,441,54.65%,80.52,Chaos Daemons
Terraform,Dawn Of War,36,47.22%,72.59,Chaos Daemons
Terraform,Hammer And Anvil,21,52.38%,70.55,Chaos Daemons
Terraform,Search And Destroy,30,60.00%,86.00,Chaos Daemons
Terraform,Sweeping Engagement,287,54.70%,81.36,Chaos Daemons
Terraform,Tipping Point,28,50.00%,71.50,Chaos Daemons
The Ritual,Crucible Of Battle,8,50.00%,84.50,Chaos Daemons
The Ritual,Dawn Of War,7,57.14%,66.25,Chaos Daemons
Burden Of Trust,Crucible Of Battle,23,69.57%,70.88,Chaos Knights
Burden Of Trust,Dawn Of War,28,64.29%,62.39,Chaos Knights
Burden Of Trust,Hammer And Anvil,19,52.63%,77.90,Chaos Knights
Burden Of Trust,Search And Destroy,25,48.00%,63.67,Chaos Knights
Burden Of Trust,Sweeping Engagement,15,53.33%,64.00,Chaos Knights
Burden Of Trust,Tipping Point,7,28.57%,47.00,Chaos Knights
Hidden Supplies,Crucible Of Battle,341,56.60%,77.65,Chaos Knights
Hidden Supplies,Dawn Of War,26,57.69%,73.27,Chaos Knights
Hidden Supplies,Hammer And Anvil,301,52.82%,76.39,Chaos Knights
Hidden Supplies,Search And Destroy,650,52.00%,78.57,Chaos Knights
Hidden Supplies,Sweeping Engagement,10,60.00%,81.33,Chaos Knights
Hidden Supplies,Tipping Point,17,76.47%,74.54,Chaos Knights
Linchpin,Crucible Of Battle,134,50.00%,79.51,Chaos Knights
Linchpin,Dawn Of War,258,56.59%,73.97,Chaos Knights
Linchpin,Hammer And Anvil,55,54.55%,65.87,Chaos Knights
Linchpin,Search And Destroy,709,56.98%,77.66,Chaos Knights
Linchpin,Sweeping Engagement,38,52.63%,77.15,Chaos Knights
Linchpin,Tipping Point,670,52.09%,73.78,Chaos Knights
Purge The Foe,Crucible Of Battle,785,52.74%,84.21,Chaos Knights
Purge The Foe,Dawn Of War,173,61.27%,78.89,Chaos Knights
Purge The Foe,Hammer And Anvil,376,57.45%,79.25,Chaos Knights
Purge The Foe,Search And Destroy,25,64.00%,77.94,Chaos Knights
Purge The Foe,Sweeping Engagement,24,58.33%,79.57,Chaos Knights
Purge The Foe,Tipping Point,26,50.00%,74.23,Chaos Knights
Scorched Earth,Crucible Of Battle,454,50.44%,80.42,Chaos Knights
Scorched Earth,Dawn Of War,21,57.14%,66.00,Chaos Knights
Scorched Earth,Hammer And Anvil,35,40.00%,63.07,Chaos Knights
Scorched Earth,Search And Destroy,383,53.52%,80.30,Chaos Knights
Scorched Earth,Sweeping Engagement,22,50.00%,76.09,Chaos Knights
Scorched Earth,Tipping Point,488,50.82%,78.02,Chaos Knights
Supply Drop,Crucible Of Battle,24,70.83%,67.29,Chaos Knights
Supply Drop,Dawn Of War,16,62.50%,55.80,Chaos Knights
Supply Drop,Hammer And Anvil,296,60.14%,71.78,Chaos Knights
Supply Drop,Search And Destroy,15,53.33%,74.13,Chaos Knights
Supply Drop,Sweeping Engagement,113,57.52%,69.83,Chaos Knights
Supply Drop,Tipping Point,330,55.45%,72.70,Chaos Knights
Take And Hold,Crucible Of Battle,69,63.77%,79.98,Chaos Knights
Take And Hold,Dawn Of War,58,65.52%,73.61,Chaos Knights
Take And Hold,Hammer And Anvil,494,58.70%,78.46,Chaos Knights
Take And Hold,Search And Destroy,764,54.84%,81.88,Chaos Knights
Take And Hold,Sweeping Engagement,26,76.92%,72.00,Chaos Knights
Take And Hold,Tipping Point,894,56.94%,78.61,Chaos Knights
Terraform,Crucible Of Battle,741,54.12%,80.91,Chaos Knights
Terraform,Dawn Of War,31,38.71%,78.33,Chaos Knights
Terraform,Hammer And Anvil,26,65.38%,65.06,Chaos Knights
Terraform,Search And Destroy,44,59.09%,75.88,Chaos Knights
Terraform,Sweeping Engagement,483,54.87%,80.72,Chaos Knights
Terraform,Tipping Point,31,58.06%,79.67,Chaos Knights
The Ritual,Crucible Of Battle,8,62.50%,68.40,Chaos Knights
The Ritual,Dawn Of War,6,83.33%,73.60,Chaos Knights
Burden Of Trust,Crucible Of Battle,27,33.33%,67.89,Chaos Space Marines
Burden Of Trust,Dawn Of War,23,39.13%,61.67,Chaos Space Marines
Burden Of Trust,Hammer And Anvil,27,40.74%,50.18,Chaos Space Marines
Burden Of Trust,Search And Destroy,31,58.06%,67.67,Chaos Space Marines
Burden Of Trust,Sweeping Engagement,23,43.48%,60.90,Chaos Space Marines
Burden Of Trust,Tipping Point,19,42.11%,48.50,Chaos Space Marines
Hidden Supplies,Crucible Of Battle,251,51.79%,67.82,Chaos Space Marines
Hidden Supplies,Dawn Of War,36,44.44%,73.00,Chaos Space Marines
Hidden Supplies,Hammer And Anvil,283,42.40%,71.54,Chaos Space Marines
Hidden Supplies,Search And Destroy,550,52.36%,75.16,Chaos Space Marines
Hidden Supplies,Sweeping Engagement,18,33.33%,66.50,Chaos Space Marines
Hidden Supplies,Tipping Point,23,30.43%,77.14,Chaos Space Marines
Linchpin,Crucible Of Battle,137,45.26%,73.19,Chaos Space Marines
Linchpin,Dawn Of War,333,45.65%,71.53,Chaos Space Marines
Linchpin,Hammer And Anvil,54,46.30%,64.20,Chaos Space Marines
Linchpin,Search And Destroy,583,45.97%,72.06,Chaos Space Marines
Linchpin,Sweeping Engagement,33,36.36%,61.83,Chaos Space Marines
Linchpin,Tipping Point,572,45.10%,68.98,Chaos Space Marines
Purge The Foe,Crucible Of Battle,652,46.47%,79.14,Chaos Space Marines
Purge The Foe,Dawn Of War,204,39.71%,74.53,Chaos Space Marines
Purge The Foe,Hammer And Anvil,373,48.53%,77.90,Chaos Space Marines
Purge The Foe,Search And Destroy,62,35.48%,73.36,Chaos Space Marines
Purge The Foe,Sweeping Engagement,30,40.00%,74.25,Chaos Space Marines
Purge The Foe,Tipping Point,38,36.84%,68.43,Chaos Space Marines
Scorched Earth,Crucible Of Battle,384,40.89%,77.24,Chaos Space Marines
Scorched Earth,Dawn Of War,37,40.54%,72.13,Chaos Space Marines
Scorched Earth,Hammer And Anvil,32,56.25%,71.50,Chaos Space Marines
Scorched Earth,Search And Destroy,320,41.88%,76.53,Chaos Space Marines
Scorched Earth,Sweeping Engagement,26,61.54%,71.81,Chaos Space Marines
Scorched Earth,Tipping Point,381,49.61%,75.39,Chaos Space Marines
Supply Drop,Crucible Of Battle,27,51.85%,63.71,Chaos Space Marines
Supply Drop,Dawn Of War,28,46.43%,57.00,Chaos Space Marines
Supply Drop,Hammer And Anvil,251,41.83%,65.50,Chaos Space Marines
Supply Drop,Search And Destroy,27,55.56%,49.07,Chaos Space Marines
Supply Drop,Sweeping Engagement,136,41.91%,64.72,Chaos Space Marines
Supply Drop,Tipping Point,291,48.11%,67.56,Chaos Space Marines
Take And Hold,Crucible Of Battle,59,37.29%,71.45,Chaos Space Marines
Take And Hold,Dawn Of War,101,33.66%,70.56,Chaos Space Marines
Take And Hold,Hammer And Anvil,466,45.92%,75.02,Chaos Space Marines
Take And Hold,Search And Destroy,638,48.43%,77.85,Chaos Space Marines
Take And Hold,Sweeping Engagement,36,30.56%,63.55,Chaos Space Marines
Take And Hold,Tipping Point,742,46.77%,76.54,Chaos Space Marines
Terraform,Crucible Of Battle,572,45.28%,73.32,Chaos Space Marines
Terraform,Dawn Of War,42,35.71%,72.80,Chaos Space Marines
Terraform,Hammer And Anvil,27,48.15%,62.31,Chaos Space Marines
Terraform,Search And Destroy,45,42.22%,58.68,Chaos Space Marines
Terraform,Sweeping Engagement,483,44.51%,76.93,Chaos Space Marines
Terraform,Tipping Point,66,50.00%,73.39,Chaos Space Marines
The Ritual,Crucible Of Battle,13,30.77%,80.75,Chaos Space Marines
The Ritual,Dawn Of War,14,42.86%,54.67,Chaos Space Marines
Burden Of Trust,Crucible Of Battle,42,50.00%,63.62,Dark Angels
Burden Of Trust,Dawn Of War,37,40.54%,59.40,Dark Angels
Burden Of Trust,Hammer And Anvil,25,40.00%,43.90,Dark Angels
Burden Of Trust,Search And Destroy,32,43.75%,61.29,Dark Angels
Burden Of Trust,Sweeping Engagement,17,47.06%,55.00,Dark Angels
Burden Of Trust,Tipping Point,23,56.52%,54.85,Dark Angels
Hidden Supplies,Crucible Of Battle,305,49.18%,71.03,Dark Angels
Hidden Supplies,Dawn Of War,32,40.63%,68.46,Dark Angels
Hidden Supplies,Hammer And Anvil,335,51.94%,74.55,Dark Angels
Hidden Supplies,Search And Destroy,614,46.09%,74.89,Dark Angels
Hidden Supplies,Sweeping Engagement,18,44.44%,49.13,Dark Angels
Hidden Supplies,Tipping Point,33,57.58%,74.53,Dark Angels
Linchpin,Crucible Of Battle,138,57.25%,72.41,Dark Angels
Linchpin,Dawn Of War,411,50.12%,68.61,Dark Angels
Linchpin,Hammer And Anvil,52,46.15%,60.54,Dark Angels
Linchpin,Search And Destroy,677,47.42%,71.64,Dark Angels
Linchpin,Sweeping Engagement,27,66.67%,67.00,Dark Angels
Linchpin,Tipping Point,654,46.48%,72.15,Dark Angels
Purge The Foe,Crucible Of Battle,810,48.02%,78.98,Dark Angels
Purge The Foe,Dawn Of War,250,49.60%,73.66,Dark Angels
Purge The Foe,Hammer And Anvil,536,51.49%,75.02,Dark Angels
Purge The Foe,Search And Destroy,64,64.06%,72.78,Dark Angels
Purge The Foe,Sweeping Engagement,40,67.50%,75.63,Dark Angels
Purge The Foe,Tipping Point,62,53.23%,76.24,Dark Angels
Scorched Earth,Crucible Of Battle,474,45.99%,78.30,Dark Angels
Scorched Earth,Dawn Of War,50,34.00%,82.94,Dark Angels
Scorched Earth,Hammer And Anvil,34,47.06%,62.50,Dark Angels
Scorched Earth,Search And Destroy,424,50.47%,75.38,Dark Angels
Scorched Earth,Sweeping Engagement,20,45.00%,70.56,Dark Angels
Scorched Earth,Tipping Point,512,47.46%,75.21,Dark Angels
Supply Drop,Crucible Of Battle,40,50.00%,55.75,Dark Angels
Supply Drop,Dawn Of War,40,47.50%,66.47,Dark Angels
Supply Drop,Hammer And Anvil,373,48.53%,64.57,Dark Angels
Supply Drop,Search And Destroy,32,28.13%,66.67,Dark Angels
Supply Drop,Sweeping Engagement,192,54.69%,64.97,Dark Angels
Supply Drop,Tipping Point,364,48.08%,68.27,Dark Angels
Take And Hold,Crucible Of Battle,101,57.43%,74.83,Dark Angels
Take And Hold,Dawn Of War,138,49.28%,64.60,Dark Angels
Take And Hold,Hammer And Anvil,655,49.92%,73.47,Dark Angels
Take And Hold,Search And Destroy,842,51.54%,79.29,Dark Angels
Take And Hold,Sweeping Engagement,51,43.14%,78.55,Dark Angels
Take And Hold,Tipping Point,1060,47.45%,75.40,Dark Angels
Terraform,Crucible Of Battle,672,47.17%,75.68,Dark Angels
Terraform,Dawn Of War,57,45.61%,70.62,Dark Angels
Terraform,Hammer And Anvil,31,48.39%,54.67,Dark Angels
Terraform,Search And Destroy,54,42.59%,64.78,Dark Angels
Terraform,Sweeping Engagement,543,49.54%,76.96,Dark Angels
Terraform,Tipping Point,46,56.52%,73.54,Dark Angels
The Ritual,Crucible Of Battle,15,40.00%,57.17,Dark Angels
The Ritual,Dawn Of War,10,60.00%,72.17,Dark Angels
Burden Of Trust,Crucible Of Battle,47,59.57%,66.07,Death Guard
Burden Of Trust,Dawn Of War,63,50.79%,64.50,Death Guard
Burden Of Trust,Hammer And Anvil,55,58.18%,66.56,Death Guard
Burden Of Trust,Search And Destroy,43,37.21%,67.94,Death Guard
Burden Of Trust,Sweeping Engagement,33,48.48%,58.06,Death Guard
Burden Of Trust,Tipping Point,34,67.65%,68.22,Death Guard
Hidden Supplies,Crucible Of Battle,534,54.31%,74.65,Death Guard
Hidden Supplies,Dawn Of War,36,52.78%,70.58,Death Guard
Hidden Supplies,Hammer And Anvil,467,59.31%,76.53,Death Guard
Hidden Supplies,Search And Destroy,1027,56.96%,77.70,Death Guard
Hidden Supplies,Sweeping Engagement,24,50.00%,65.75,Death Guard
Hidden Supplies,Tipping Point,41,43.90%,73.67,Death Guard
Linchpin,Crucible Of Battle,174,54.60%,73.74,Death Guard
Linchpin,Dawn Of War,564,49.82%,71.99,Death Guard
Linchpin,Hammer And Anvil,75,64.00%,68.79,Death Guard
Linchpin,Search And Destroy,1070,54.11%,75.79,Death Guard
Linchpin,Sweeping Engagement,47,51.06%,66.83,Death Guard
Linchpin,Tipping Point,1097,53.24%,73.92,Death Guard
Purge The Foe,Crucible Of Battle,1349,54.04%,81.86,Death Guard
Purge The Foe,Dawn Of War,357,54.90%,76.29,Death Guard
Purge The Foe,Hammer And Anvil,703,50.92%,77.33,Death Guard
Purge The Foe,Search And Destroy,72,58.33%,78.45,Death Guard
Purge The Foe,Sweeping Engagement,61,54.10%,72.67,Death Guard
Purge The Foe,Tipping Point,65,50.77%,77.03,Death Guard
Scorched Earth,Crucible Of Battle,733,55.93%,75.30,Death Guard
Scorched Earth,Dawn Of War,39,46.15%,65.83,Death Guard
Scorched Earth,Hammer And Anvil,58,48.28%,69.79,Death Guard
Scorched Earth,Search And Destroy,668,53.44%,78.91,Death Guard
Scorched Earth,Sweeping Engagement,30,46.67%,68.86,Death Guard
Scorched Earth,Tipping Point,754,54.24%,80.75,Death Guard
Supply Drop,Crucible Of Battle,48,56.25%,61.37,Death Guard
Supply Drop,Dawn Of War,40,52.50%,64.76,Death Guard
Supply Drop,Hammer And Anvil,474,59.70%,68.13,Death Guard
Supply Drop,Search And Destroy,37,70.27%,65.12,Death Guard
Supply Drop,Sweeping Engagement,253,49.80%,67.41,Death Guard
Supply Drop,Tipping Point,593,54.47%,68.24,Death Guard
Take And Hold,Crucible Of Battle,133,48.87%,75.77,Death Guard
Take And Hold,Dawn Of War,161,52.17%,72.06,Death Guard
Take And Hold,Hammer And Anvil,876,55.37%,77.03,Death Guard
Take And Hold,Search And Destroy,1307,54.32%,80.95,Death Guard
Take And Hold,Sweeping Engagement,59,50.85%,77.37,Death Guard
Take And Hold,Tipping Point,1332,52.78%,79.77,Death Guard
Terraform,Crucible Of Battle,1195,53.72%,78.73,Death Guard
Terraform,Dawn Of War,47,61.70%,76.31,Death Guard
Terraform,Hammer And Anvil,45,60.00%,64.37,Death Guard
Terraform,Search And Destroy,57,49.12%,73.07,Death Guard
Terraform,Sweeping Engagement,779,52.50%,81.17,Death Guard
Terraform,Tipping Point,54,50.00%,76.22,Death Guard
The Ritual,Crucible Of Battle,31,51.61%,76.75,Death Guard
The Ritual,Dawn Of War,19,73.68%,68.21,Death Guard
Burden Of Trust,Crucible Of Battle,4,50.00%,74.00,Deathwatch
Burden Of Trust,Dawn Of War,4,25.00%,65.00,Deathwatch
Burden Of Trust,Hammer And Anvil,3,33.33%,76.00,Deathwatch
Burden Of Trust,Search And Destroy,4,25.00%,65.00,Deathwatch
Burden Of Trust,Sweeping Engagement,3,66.67%,56.50,Deathwatch
Burden Of Trust,Tipping Point,1,0.00%,0.00,Deathwatch
Hidden Supplies,Crucible Of Battle,50,34.00%,75.47,Deathwatch
Hidden Supplies,Dawn Of War,4,75.00%,49.67,Deathwatch
Hidden Supplies,Hammer And Anvil,44,27.27%,70.92,Deathwatch
Hidden Supplies,Search And Destroy,100,49.00%,71.20,Deathwatch
Hidden Supplies,Sweeping Engagement,2,50.00%,40.00,Deathwatch
Hidden Supplies,Tipping Point,4,25.00%,82.00,Deathwatch
Linchpin,Crucible Of Battle,12,33.33%,68.25,Deathwatch
Linchpin,Dawn Of War,61,49.18%,69.77,Deathwatch
Linchpin,Hammer And Anvil,6,16.67%,38.00,Deathwatch
Linchpin,Search And Destroy,129,46.51%,71.85,Deathwatch
Linchpin,Sweeping Engagement,3,0.00%,0.00,Deathwatch
Linchpin,Tipping Point,89,56.18%,75.14,Deathwatch
Purge The Foe,Crucible Of Battle,133,54.89%,81.04,Deathwatch
Purge The Foe,Dawn Of War,41,56.10%,74.74,Deathwatch
Purge The Foe,Hammer And Anvil,96,47.92%,80.50,Deathwatch
Purge The Foe,Search And Destroy,8,62.50%,78.40,Deathwatch
Purge The Foe,Sweeping Engagement,5,20.00%,88.00,Deathwatch
Purge The Foe,Tipping Point,8,75.00%,62.17,Deathwatch
Scorched Earth,Crucible Of Battle,72,50.00%,74.94,Deathwatch
Scorched Earth,Dawn Of War,8,62.50%,81.20,Deathwatch
Scorched Earth,Hammer And Anvil,4,50.00%,67.50,Deathwatch
Scorched Earth,Search And Destroy,57,52.63%,69.77,Deathwatch
Scorched Earth,Sweeping Engagement,4,25.00%,87.00,Deathwatch
Scorched Earth,Tipping Point,78,47.44%,74.57,Deathwatch
Supply Drop,Crucible Of Battle,5,0.00%,0.00,Deathwatch
Supply Drop,Dawn Of War,7,28.57%,41.00,Deathwatch
Supply Drop,Hammer And Anvil,55,27.27%,63.67,Deathwatch
Supply Drop,Search And Destroy,2,0.00%,0.00,Deathwatch
Supply Drop,Sweeping Engagement,34,50.00%,64.12,Deathwatch
Supply Drop,Tipping Point,71,50.70%,70.31,Deathwatch
Take And Hold,Crucible Of Battle,23,60.87%,78.71,Deathwatch
Take And Hold,Dawn Of War,17,52.94%,73.11,Deathwatch
Take And Hold,Hammer And Anvil,93,41.94%,79.18,Deathwatch
Take And Hold,Search And Destroy,145,47.59%,80.67,Deathwatch
Take And Hold,Sweeping Engagement,2,50.00%,75.00,Deathwatch
Take And Hold,Tipping Point,149,58.39%,77.32,Deathwatch
Terraform,Crucible Of Battle,120,46.67%,78.23,Deathwatch
Terraform,Dawn Of War,11,54.55%,85.50,Deathwatch
Terraform,Hammer And Anvil,6,66.67%,59.25,Deathwatch
Terraform,Search And Destroy,5,60.00%,71.00,Deathwatch
Terraform,Sweeping Engagement,88,40.91%,76.67,Deathwatch
Terraform,Tipping Point,7,71.43%,81.40,Deathwatch
The Ritual,Crucible Of Battle,5,0.00%,0.00,Deathwatch
The Ritual,Dawn Of War,1,0.00%,0.00,Deathwatch
Burden Of Trust,Crucible Of Battle,17,41.18%,73.71,Drukhari
Burden Of Trust,Dawn Of War,11,45.45%,70.20,Drukhari
Burden Of Trust,Hammer And Anvil,17,17.65%,71.33,Drukhari
Burden Of Trust,Search And Destroy,12,66.67%,72.63,Drukhari
Burden Of Trust,Sweeping Engagement,5,20.00%,87.00,Drukhari
Burden Of Trust,Tipping Point,8,12.50%,92.00,Drukhari
Hidden Supplies,Crucible Of Battle,166,43.37%,71.51,Drukhari
Hidden Supplies,Dawn Of War,11,45.45%,84.60,Drukhari
Hidden Supplies,Hammer And Anvil,135,57.04%,79.53,Drukhari
Hidden Supplies,Search And Destroy,261,51.34%,75.19,Drukhari
Hidden Supplies,Sweeping Engagement,6,50.00%,76.67,Drukhari
Hidden Supplies,Tipping Point,5,80.00%,83.50,Drukhari
Linchpin,Crucible Of Battle,83,54.22%,74.22,Drukhari
Linchpin,Dawn Of War,155,47.74%,73.46,Drukhari
Linchpin,Hammer And Anvil,23,65.22%,69.27,Drukhari
Linchpin,Search And Destroy,313,53.67%,76.62,Drukhari
Linchpin,Sweeping Engagement,15,40.00%,85.17,Drukhari
Linchpin,Tipping Point,292,51.03%,71.91,Drukhari
Purge The Foe,Crucible Of Battle,302,46.36%,82.30,Drukhari
Purge The Foe,Dawn Of War,90,45.56%,79.46,Drukhari
Purge The Foe,Hammer And Anvil,191,51.31%,80.47,Drukhari
Purge The Foe,Search And Destroy,16,56.25%,74.11,Drukhari
Purge The Foe,Sweeping Engagement,7,57.14%,91.00,Drukhari
Purge The Foe,Tipping Point,20,45.00%,73.67,Drukhari
Scorched Earth,Crucible Of Battle,205,52.20%,80.09,Drukhari
Scorched Earth,Dawn Of War,14,71.43%,78.40,Drukhari
Scorched Earth,Hammer And Anvil,12,66.67%,79.25,Drukhari
Scorched Earth,Search And Destroy,183,52.46%,79.47,Drukhari
Scorched Earth,Sweeping Engagement,14,50.00%,75.29,Drukhari
Scorched Earth,Tipping Point,215,54.42%,77.46,Drukhari
Supply Drop,Crucible Of Battle,13,46.15%,59.33,Drukhari
Supply Drop,Dawn Of War,16,25.00%,62.00,Drukhari
Supply Drop,Hammer And Anvil,137,47.45%,67.94,Drukhari
Supply Drop,Search And Destroy,4,100.00%,46.00,Drukhari
Supply Drop,Sweeping Engagement,71,59.15%,75.02,Drukhari
Supply Drop,Tipping Point,142,57.75%,64.99,Drukhari
Take And Hold,Crucible Of Battle,32,43.75%,77.86,Drukhari
Take And Hold,Dawn Of War,44,56.82%,74.68,Drukhari
Take And Hold,Hammer And Anvil,243,50.21%,76.67,Drukhari
Take And Hold,Search And Destroy,308,54.22%,79.12,Drukhari
Take And Hold,Sweeping Engagement,29,37.93%,72.45,Drukhari
Take And Hold,Tipping Point,368,55.43%,76.18,Drukhari
Terraform,Crucible Of Battle,308,48.38%,79.60,Drukhari
Terraform,Dawn Of War,21,66.67%,79.00,Drukhari
Terraform,Hammer And Anvil,16,56.25%,83.11,Drukhari
Terraform,Search And Destroy,15,80.00%,78.17,Drukhari
Terraform,Sweeping Engagement,199,56.28%,82.63,Drukhari
Terraform,Tipping Point,17,64.71%,69.27,Drukhari
The Ritual,Crucible Of Battle,4,25.00%,80.00,Drukhari
The Ritual,Dawn Of War,3,0.00%,0.00,Drukhari
Burden Of Trust,Crucible Of Battle,28,67.86%,69.11,Emperor's Children
Burden Of Trust,Dawn Of War,34,29.41%,63.90,Emperor's Children
Burden Of Trust,Hammer And Anvil,19,36.84%,70.86,Emperor's Children
Burden Of Trust,Search And Destroy,21,80.95%,66.24,Emperor's Children
Burden Of Trust,Sweeping Engagement,10,40.00%,75.25,Emperor's Children
Burden Of Trust,Tipping Point,11,81.82%,68.22,Emperor's Children
Hidden Supplies,Crucible Of Battle,253,46.64%,72.40,Emperor's Children
Hidden Supplies,Dawn Of War,17,29.41%,69.80,Emperor's Children
Hidden Supplies,Hammer And Anvil,229,43.67%,73.80,Emperor's Children
Hidden Supplies,Search And Destroy,479,44.68%,76.84,Emperor's Children
Hidden Supplies,Sweeping Engagement,13,15.38%,75.50,Emperor's Children
Hidden Supplies,Tipping Point,20,45.00%,72.89,Emperor's Children
Linchpin,Crucible Of Battle,109,47.71%,73.23,Emperor's Children
Linchpin,Dawn Of War,288,48.26%,69.08,Emperor's Children
Linchpin,Hammer And Anvil,45,44.44%,67.00,Emperor's Children
Linchpin,Search And Destroy,540,46.30%,74.06,Emperor's Children
Linchpin,Sweeping Engagement,28,64.29%,69.44,Emperor's Children
Linchpin,Tipping Point,525,48.95%,72.32,Emperor's Children
Purge The Foe,Crucible Of Battle,623,44.78%,80.94,Emperor's Children
Purge The Foe,Dawn Of War,182,50.00%,70.97,Emperor's Children
Purge The Foe,Hammer And Anvil,370,42.16%,80.00,Emperor's Children
Purge The Foe,Search And Destroy,40,47.50%,73.79,Emperor's Children
Purge The Foe,Sweeping Engagement,21,47.62%,74.60,Emperor's Children
Purge The Foe,Tipping Point,40,37.50%,75.13,Emperor's Children
Scorched Earth,Crucible Of Battle,310,49.68%,76.31,Emperor's Children
Scorched Earth,Dawn Of War,23,69.57%,68.25,Emperor's Children
Scorched Earth,Hammer And Anvil,29,44.83%,63.54,Emperor's Children
Scorched Earth,Search And Destroy,302,50.99%,79.22,Emperor's Children
Scorched Earth,Sweeping Engagement,20,50.00%,58.30,Emperor's Children
Scorched Earth,Tipping Point,357,54.06%,75.39,Emperor's Children
Supply Drop,Crucible Of Battle,27,48.15%,66.85,Emperor's Children
Supply Drop,Dawn Of War,18,38.89%,70.43,Emperor's Children
Supply Drop,Hammer And Anvil,246,44.72%,65.56,Emperor's Children
Supply Drop,Search And Destroy,19,78.95%,67.27,Emperor's Children
Supply Drop,Sweeping Engagement,134,44.78%,66.05,Emperor's Children
Supply Drop,Tipping Point,236,48.31%,68.77,Emperor's Children
Take And Hold,Crucible Of Battle,53,66.04%,74.37,Emperor's Children
Take And Hold,Dawn Of War,78,43.59%,67.97,Emperor's Children
Take And Hold,Hammer And Anvil,432,44.91%,74.03,Emperor's Children
Take And Hold,Search And Destroy,597,46.23%,77.20,Emperor's Children
Take And Hold,Sweeping Engagement,40,42.50%,86.18,Emperor's Children
Take And Hold,Tipping Point,663,48.72%,76.24,Emperor's Children
Terraform,Crucible Of Battle,554,43.50%,75.01,Emperor's Children
Terraform,Dawn Of War,29,55.17%,64.44,Emperor's Children
Terraform,Hammer And Anvil,23,47.83%,74.09,Emperor's Children
Terraform,Search And Destroy,37,43.24%,76.06,Emperor's Children
Terraform,Sweeping Engagement,417,51.80%,78.19,Emperor's Children
Terraform,Tipping Point,37,54.05%,75.00,Emperor's Children
The Ritual,Crucible Of Battle,10,60.00%,87.83,Emperor's Children
The Ritual,Dawn Of War,7,42.86%,57.33,Emperor's Children
Burden Of Trust,Crucible Of Battle,10,60.00%,62.67,Genestealer Cults
Burden Of Trust,Dawn Of War,8,37.50%,55.33,Genestealer Cults
Burden Of Trust,Hammer And Anvil,6,66.67%,60.00,Genestealer Cults
Burden Of Trust,Search And Destroy,9,66.67%,72.67,Genestealer Cults
Burden Of Trust,Sweeping Engagement,5,40.00%,39.00,Genestealer Cults
Burden Of Trust,Tipping Point,5,40.00%,53.00,Genestealer Cults
Hidden Supplies,Crucible Of Battle,110,54.55%,79.02,Genestealer Cults
Hidden Supplies,Dawn Of War,11,81.82%,66.22,Genestealer Cults
Hidden Supplies,Hammer And Anvil,93,50.54%,76.21,Genestealer Cults
Hidden Supplies,Search And Destroy,210,50.95%,78.15,Genestealer Cults
Hidden Supplies,Sweeping Engagement,3,66.67%,87.50,Genestealer Cults
Hidden Supplies,Tipping Point,8,50.00%,77.00,Genestealer Cults
Linchpin,Crucible Of Battle,45,57.78%,80.50,Genestealer Cults
Linchpin,Dawn Of War,95,52.63%,68.58,Genestealer Cults
Linchpin,Hammer And Anvil,22,31.82%,65.57,Genestealer Cults
Linchpin,Search And Destroy,233,57.94%,73.95,Genestealer Cults
Linchpin,Sweeping Engagement,8,12.50%,89.00,Genestealer Cults
Linchpin,Tipping Point,230,49.13%,75.71,Genestealer Cults
Purge The Foe,Crucible Of Battle,225,48.44%,83.51,Genestealer Cults
Purge The Foe,Dawn Of War,51,62.75%,79.69,Genestealer Cults
Purge The Foe,Hammer And Anvil,142,39.44%,82.13,Genestealer Cults
Purge The Foe,Search And Destroy,14,35.71%,77.00,Genestealer Cults
Purge The Foe,Sweeping Engagement,4,50.00%,43.00,Genestealer Cults
Purge The Foe,Tipping Point,9,33.33%,69.67,Genestealer Cults
Scorched Earth,Crucible Of Battle,185,48.65%,76.90,Genestealer Cults
Scorched Earth,Dawn Of War,11,36.36%,78.25,Genestealer Cults
Scorched Earth,Hammer And Anvil,18,50.00%,70.67,Genestealer Cults
Scorched Earth,Search And Destroy,144,58.33%,80.81,Genestealer Cults
Scorched Earth,Sweeping Engagement,9,0.00%,0.00,Genestealer Cults
Scorched Earth,Tipping Point,167,58.08%,78.03,Genestealer Cults
Supply Drop,Crucible Of Battle,5,60.00%,84.67,Genestealer Cults
Supply Drop,Dawn Of War,6,83.33%,80.60,Genestealer Cults
Supply Drop,Hammer And Anvil,94,60.64%,72.14,Genestealer Cults
Supply Drop,Search And Destroy,8,75.00%,71.50,Genestealer Cults
Supply Drop,Sweeping Engagement,42,47.62%,73.75,Genestealer Cults
Supply Drop,Tipping Point,132,54.55%,68.18,Genestealer Cults
Take And Hold,Crucible Of Battle,25,56.00%,79.43,Genestealer Cults
Take And Hold,Dawn Of War,19,47.37%,67.67,Genestealer Cults
Take And Hold,Hammer And Anvil,205,58.05%,78.28,Genestealer Cults
Take And Hold,Search And Destroy,285,50.88%,82.30,Genestealer Cults
Take And Hold,Sweeping Engagement,12,66.67%,75.00,Genestealer Cults
Take And Hold,Tipping Point,328,54.88%,80.46,Genestealer Cults
Terraform,Crucible Of Battle,279,57.35%,79.68,Genestealer Cults
Terraform,Dawn Of War,14,64.29%,76.44,Genestealer Cults
Terraform,Hammer And Anvil,10,70.00%,64.29,Genestealer Cults
Terraform,Search And Destroy,7,42.86%,91.67,Genestealer Cults
Terraform,Sweeping Engagement,180,50.00%,78.53,Genestealer Cults
Terraform,Tipping Point,13,23.08%,78.00,Genestealer Cults
The Ritual,Crucible Of Battle,4,50.00%,71.50,Genestealer Cults
The Ritual,Dawn Of War,6,66.67%,74.75,Genestealer Cults
Burden Of Trust,Crucible Of Battle,24,45.83%,67.27,Grey Knights
Burden Of Trust,Dawn Of War,25,44.00%,62.36,Grey Knights
Burden Of Trust,Hammer And Anvil,14,35.71%,70.40,Grey Knights
Burden Of Trust,Search And Destroy,20,40.00%,70.38,Grey Knights
Burden Of Trust,Sweeping Engagement,22,54.55%,71.83,Grey Knights
Burden Of Trust,Tipping Point,17,58.82%,68.00,Grey Knights
Hidden Supplies,Crucible Of Battle,213,43.66%,74.67,Grey Knights
Hidden Supplies,Dawn Of War,12,16.67%,41.00,Grey Knights
Hidden Supplies,Hammer And Anvil,192,44.79%,74.64,Grey Knights
Hidden Supplies,Search And Destroy,337,49.26%,75.31,Grey Knights
Hidden Supplies,Sweeping Engagement,6,50.00%,71.33,Grey Knights
Hidden Supplies,Tipping Point,14,42.86%,63.50,Grey Knights
Linchpin,Crucible Of Battle,98,52.04%,74.14,Grey Knights
Linchpin,Dawn Of War,205,52.68%,69.31,Grey Knights
Linchpin,Hammer And Anvil,36,44.44%,60.19,Grey Knights
Linchpin,Search And Destroy,423,48.70%,72.74,Grey Knights
Linchpin,Sweeping Engagement,13,46.15%,67.67,Grey Knights
Linchpin,Tipping Point,416,45.43%,74.15,Grey Knights
Purge The Foe,Crucible Of Battle,472,55.72%,80.24,Grey Knights
Purge The Foe,Dawn Of War,145,48.28%,75.60,Grey Knights
Purge The Foe,Hammer And Anvil,282,54.96%,78.25,Grey Knights
Purge The Foe,Search And Destroy,27,40.74%,78.91,Grey Knights
Purge The Foe,Sweeping Engagement,25,32.00%,85.00,Grey Knights
Purge The Foe,Tipping Point,28,53.57%,83.13,Grey Knights
Scorched Earth,Crucible Of Battle,285,48.77%,77.29,Grey Knights
Scorched Earth,Dawn Of War,23,56.52%,69.38,Grey Knights
Scorched Earth,Hammer And Anvil,24,45.83%,70.45,Grey Knights
Scorched Earth,Search And Destroy,246,50.41%,74.46,Grey Knights
Scorched Earth,Sweeping Engagement,19,47.37%,80.44,Grey Knights
Scorched Earth,Tipping Point,315,49.52%,76.88,Grey Knights
Supply Drop,Crucible Of Battle,25,64.00%,69.88,Grey Knights
Supply Drop,Dawn Of War,16,25.00%,51.50,Grey Knights
Supply Drop,Hammer And Anvil,208,43.75%,65.36,Grey Knights
Supply Drop,Search And Destroy,18,72.22%,68.62,Grey Knights
Supply Drop,Sweeping Engagement,105,49.52%,62.48,Grey Knights
Supply Drop,Tipping Point,203,49.26%,67.68,Grey Knights
Take And Hold,Crucible Of Battle,38,55.26%,81.71,Grey Knights
Take And Hold,Dawn Of War,64,56.25%,72.25,Grey Knights
Take And Hold,Hammer And Anvil,354,51.41%,76.70,Grey Knights
Take And Hold,Search And Destroy,477,48.43%,79.12,Grey Knights
Take And Hold,Sweeping Engagement,25,40.00%,77.50,Grey Knights
Take And Hold,Tipping Point,543,49.36%,75.29,Grey Knights
Terraform,Crucible Of Battle,428,45.56%,75.96,Grey Knights
Terraform,Dawn Of War,36,36.11%,58.77,Grey Knights
Terraform,Hammer And Anvil,18,55.56%,69.60,Grey Knights
Terraform,Search And Destroy,28,46.43%,74.08,Grey Knights
Terraform,Sweeping Engagement,311,46.62%,77.77,Grey Knights
Terraform,Tipping Point,20,30.00%,80.00,Grey Knights
The Ritual,Crucible Of Battle,6,66.67%,72.25,Grey Knights
The Ritual,Dawn Of War,7,57.14%,52.00,Grey Knights
Burden Of Trust,Crucible Of Battle,1,0.00%,0.00,Imperial Agents
Burden Of Trust,Dawn Of War,5,20.00%,72.00,Imperial Agents
Burden Of Trust,Search And Destroy,2,0.00%,0.00,Imperial Agents
Burden Of Trust,Sweeping Engagement,5,40.00%,64.00,Imperial Agents
Burden Of Trust,Tipping Point,3,33.33%,80.00,Imperial Agents
Hidden Supplies,Crucible Of Battle,17,17.65%,75.33,Imperial Agents
Hidden Supplies,Dawn Of War,1,0.00%,0.00,Imperial Agents
Hidden Supplies,Hammer And Anvil,13,46.15%,72.50,Imperial Agents
Hidden Supplies,Search And Destroy,37,48.65%,83.67,Imperial Agents
Linchpin,Crucible Of Battle,15,40.00%,77.17,Imperial Agents
Linchpin,Dawn Of War,23,56.52%,60.69,Imperial Agents
Linchpin,Hammer And Anvil,6,16.67%,75.00,Imperial Agents
Linchpin,Search And Destroy,34,58.82%,79.75,Imperial Agents
Linchpin,Sweeping Engagement,2,50.00%,27.00,Imperial Agents
Linchpin,Tipping Point,38,63.16%,73.58,Imperial Agents
Purge The Foe,Crucible Of Battle,47,31.91%,86.27,Imperial Agents
Purge The Foe,Dawn Of War,7,28.57%,57.00,Imperial Agents
Purge The Foe,Hammer And Anvil,19,36.84%,74.71,Imperial Agents
Purge The Foe,Search And Destroy,1,0.00%,0.00,Imperial Agents
Purge The Foe,Tipping Point,6,50.00%,85.67,Imperial Agents
Scorched Earth,Crucible Of Battle,19,36.84%,84.00,Imperial Agents
Scorched Earth,Dawn Of War,1,0.00%,0.00,Imperial Agents
Scorched Earth,Hammer And Anvil,3,100.00%,90.00,Imperial Agents
Scorched Earth,Search And Destroy,32,40.63%,73.54,Imperial Agents
Scorched Earth,Sweeping Engagement,1,100.00%,90.00,Imperial Agents
Scorched Earth,Tipping Point,23,34.78%,78.13,Imperial Agents
Supply Drop,Crucible Of Battle,1,100.00%,29.00,Imperial Agents
Supply Drop,Dawn Of War,1,0.00%,0.00,Imperial Agents
Supply Drop,Hammer And Anvil,13,46.15%,56.67,Imperial Agents
Supply Drop,Sweeping Engagement,3,33.33%,51.00,Imperial Agents
Supply Drop,Tipping Point,10,40.00%,66.25,Imperial Agents
Take And Hold,Crucible Of Battle,6,50.00%,80.67,Imperial Agents
Take And Hold,Dawn Of War,8,50.00%,68.75,Imperial Agents
Take And Hold,Hammer And Anvil,25,44.00%,80.64,Imperial Agents
Take And Hold,Search And Destroy,49,40.82%,72.90,Imperial Agents
Take And Hold,Sweeping Engagement,6,66.67%,83.50,Imperial Agents
Take And Hold,Tipping Point,45,44.44%,78.40,Imperial Agents
Terraform,Crucible Of Battle,39,48.72%,75.32,Imperial Agents
Terraform,Dawn Of War,1,0.00%,0.00,Imperial Agents
Terraform,Search And Destroy,2,50.00%,85.00,Imperial Agents
Terraform,Sweeping Engagement,32,43.75%,79.14,Imperial Agents
Terraform,Tipping Point,1,100.00%,81.00,Imperial Agents
The Ritual,Search And Destroy,2,0.00%,0.00,Imperial Agents
The Ritual,Sweeping Engagement,1,0.00%,0.00,Imperial Agents
Unexploded Ordnance,Hammer And Anvil,2,50.00%,34.00,Imperial Agents
Unexploded Ordnance,Search And Destroy,1,0.00%,0.00,Imperial Agents
Unexploded Ordnance,Sweeping Engagement,1,0.00%,0.00,Imperial Agents
Burden Of Trust,Crucible Of Battle,17,76.47%,67.54,Imperial Knights
Burden Of Trust,Dawn Of War,24,50.00%,62.25,Imperial Knights
Burden Of Trust,Hammer And Anvil,22,63.64%,71.79,Imperial Knights
Burden Of Trust,Search And Destroy,22,50.00%,68.91,Imperial Knights
Burden Of Trust,Sweeping Engagement,14,57.14%,86.38,Imperial Knights
Burden Of Trust,Tipping Point,32,71.88%,66.35,Imperial Knights
Hidden Supplies,Crucible Of Battle,353,58.07%,75.90,Imperial Knights
Hidden Supplies,Dawn Of War,16,50.00%,78.63,Imperial Knights
Hidden Supplies,Hammer And Anvil,312,59.62%,78.33,Imperial Knights
Hidden Supplies,Search And Destroy,676,53.11%,77.12,Imperial Knights
Hidden Supplies,Sweeping Engagement,12,41.67%,59.00,Imperial Knights
Hidden Supplies,Tipping Point,20,70.00%,67.36,Imperial Knights
Linchpin,Crucible Of Battle,132,51.52%,75.63,Imperial Knights
Linchpin,Dawn Of War,306,62.42%,71.50,Imperial Knights
Linchpin,Hammer And Anvil,42,54.76%,71.13,Imperial Knights
Linchpin,Search And Destroy,679,52.72%,76.17,Imperial Knights
Linchpin,Sweeping Engagement,27,59.26%,72.50,Imperial Knights
Linchpin,Tipping Point,644,56.37%,72.85,Imperial Knights
Purge The Foe,Crucible Of Battle,847,64.46%,84.63,Imperial Knights
Purge The Foe,Dawn Of War,178,60.11%,77.41,Imperial Knights
Purge The Foe,Hammer And Anvil,429,58.74%,81.42,Imperial Knights
Purge The Foe,Search And Destroy,31,51.61%,74.69,Imperial Knights
Purge The Foe,Sweeping Engagement,18,66.67%,72.08,Imperial Knights
Purge The Foe,Tipping Point,30,53.33%,72.06,Imperial Knights
Scorched Earth,Crucible Of Battle,459,57.95%,79.61,Imperial Knights
Scorched Earth,Dawn Of War,25,56.00%,77.21,Imperial Knights
Scorched Earth,Hammer And Anvil,29,72.41%,73.62,Imperial Knights
Scorched Earth,Search And Destroy,445,55.73%,78.82,Imperial Knights
Scorched Earth,Sweeping Engagement,16,75.00%,75.17,Imperial Knights
Scorched Earth,Tipping Point,508,53.15%,79.15,Imperial Knights
Supply Drop,Crucible Of Battle,14,64.29%,76.44,Imperial Knights
Supply Drop,Dawn Of War,11,72.73%,63.25,Imperial Knights
Supply Drop,Hammer And Anvil,337,58.16%,69.72,Imperial Knights
Supply Drop,Search And Destroy,25,40.00%,64.30,Imperial Knights
Supply Drop,Sweeping Engagement,130,68.46%,71.16,Imperial Knights
Supply Drop,Tipping Point,365,56.44%,71.01,Imperial Knights
Take And Hold,Crucible Of Battle,70,55.71%,73.49,Imperial Knights
Take And Hold,Dawn Of War,59,64.41%,77.68,Imperial Knights
Take And Hold,Hammer And Anvil,526,60.08%,76.56,Imperial Knights
Take And Hold,Search And Destroy,824,52.31%,82.11,Imperial Knights
Take And Hold,Sweeping Engagement,36,30.56%,73.27,Imperial Knights
Take And Hold,Tipping Point,877,52.00%,78.18,Imperial Knights
Terraform,Crucible Of Battle,761,51.64%,80.09,Imperial Knights
Terraform,Dawn Of War,32,68.75%,71.45,Imperial Knights
Terraform,Hammer And Anvil,31,58.06%,76.89,Imperial Knights
Terraform,Search And Destroy,32,59.38%,77.63,Imperial Knights
Terraform,Sweeping Engagement,503,53.88%,80.46,Imperial Knights
Terraform,Tipping Point,32,50.00%,76.19,Imperial Knights
The Ritual,Crucible Of Battle,6,66.67%,80.25,Imperial Knights
The Ritual,Dawn Of War,10,30.00%,78.00,Imperial Knights
Burden Of Trust,Crucible Of Battle,21,42.86%,61.22,Leagues Of Votann
Burden Of Trust,Dawn Of War,27,55.56%,67.93,Leagues Of Votann
Burden Of Trust,Hammer And Anvil,14,57.14%,65.88,Leagues Of Votann
Burden Of Trust,Search And Destroy,14,50.00%,58.86,Leagues Of Votann
Burden Of Trust,Sweeping Engagement,15,80.00%,69.92,Leagues Of Votann
Burden Of Trust,Tipping Point,8,62.50%,79.60,Leagues Of Votann
Hidden Supplies,Crucible Of Battle,221,51.13%,73.66,Leagues Of Votann
Hidden Supplies,Dawn Of War,11,81.82%,59.22,Leagues Of Votann
Hidden Supplies,Hammer And Anvil,263,52.47%,76.21,Leagues Of Votann
Hidden Supplies,Search And Destroy,398,47.99%,74.27,Leagues Of Votann
Hidden Supplies,Sweeping Engagement,9,44.44%,63.75,Leagues Of Votann
Hidden Supplies,Tipping Point,29,48.28%,75.79,Leagues Of Votann
Linchpin,Crucible Of Battle,97,48.45%,72.89,Leagues Of Votann
Linchpin,Dawn Of War,208,49.04%,72.14,Leagues Of Votann
Linchpin,Hammer And Anvil,30,50.00%,69.53,Leagues Of Votann
Linchpin,Search And Destroy,453,49.67%,74.04,Leagues Of Votann
Linchpin,Sweeping Engagement,26,42.31%,72.36,Leagues Of Votann
Linchpin,Tipping Point,503,49.70%,72.78,Leagues Of Votann
Purge The Foe,Crucible Of Battle,481,46.15%,79.64,Leagues Of Votann
Purge The Foe,Dawn Of War,146,57.53%,78.36,Leagues Of Votann
Purge The Foe,Hammer And Anvil,295,54.92%,75.65,Leagues Of Votann
Purge The Foe,Search And Destroy,30,76.67%,79.13,Leagues Of Votann
Purge The Foe,Sweeping Engagement,22,54.55%,78.17,Leagues Of Votann
Purge The Foe,Tipping Point,30,56.67%,83.59,Leagues Of Votann
Scorched Earth,Crucible Of Battle,312,48.08%,79.65,Leagues Of Votann
Scorched Earth,Dawn Of War,17,58.82%,72.10,Leagues Of Votann
Scorched Earth,Hammer And Anvil,17,41.18%,71.14,Leagues Of Votann
Scorched Earth,Search And Destroy,320,52.50%,79.07,Leagues Of Votann
Scorched Earth,Sweeping Engagement,15,73.33%,72.55,Leagues Of Votann
Scorched Earth,Tipping Point,347,48.99%,77.12,Leagues Of Votann
Supply Drop,Crucible Of Battle,21,42.86%,71.56,Leagues Of Votann
Supply Drop,Dawn Of War,18,61.11%,59.00,Leagues Of Votann
Supply Drop,Hammer And Anvil,209,50.72%,67.89,Leagues Of Votann
Supply Drop,Search And Destroy,16,37.50%,62.33,Leagues Of Votann
Supply Drop,Sweeping Engagement,135,43.70%,68.44,Leagues Of Votann
Supply Drop,Tipping Point,180,49.44%,65.27,Leagues Of Votann
Take And Hold,Crucible Of Battle,61,45.90%,74.11,Leagues Of Votann
Take And Hold,Dawn Of War,56,48.21%,68.85,Leagues Of Votann
Take And Hold,Hammer And Anvil,380,47.63%,75.45,Leagues Of Votann
Take And Hold,Search And Destroy,536,48.13%,79.71,Leagues Of Votann
Take And Hold,Sweeping Engagement,27,37.04%,75.80,Leagues Of Votann
Take And Hold,Tipping Point,621,49.28%,77.40,Leagues Of Votann
Terraform,Crucible Of Battle,518,50.39%,77.46,Leagues Of Votann
Terraform,Dawn Of War,26,50.00%,68.15,Leagues Of Votann
Terraform,Hammer And Anvil,22,45.45%,74.20,Leagues Of Votann
Terraform,Search And Destroy,27,48.15%,76.23,Leagues Of Votann
Terraform,Sweeping Engagement,287,49.48%,77.88,Leagues Of Votann
Terraform,Tipping Point,27,51.85%,65.14,Leagues Of Votann
The Ritual,Crucible Of Battle,7,42.86%,67.33,Leagues Of Votann
The Ritual,Dawn Of War,4,25.00%,78.00,Leagues Of Votann
Burden Of Trust,Crucible Of Battle,47,38.30%,54.39,Necrons
Burden Of Trust,Dawn Of War,61,57.38%,59.03,Necrons
Burden Of Trust,Hammer And Anvil,44,52.27%,64.87,Necrons
Burden Of Trust,Search And Destroy,32,62.50%,62.25,Necrons
Burden Of Trust,Sweeping Engagement,24,50.00%,63.50,Necrons
Burden Of Trust,Tipping Point,44,56.82%,65.04,Necrons
Hidden Supplies,Crucible Of Battle,426,46.71%,73.66,Necrons
Hidden Supplies,Dawn Of War,43,55.81%,62.96,Necrons
Hidden Supplies,Hammer And Anvil,390,47.44%,70.42,Necrons
Hidden Supplies,Search And Destroy,780,48.08%,76.95,Necrons
Hidden Supplies,Sweeping Engagement,22,40.91%,74.22,Necrons
Hidden Supplies,Tipping Point,37,40.54%,69.93,Necrons
Linchpin,Crucible Of Battle,211,39.81%,77.18,Necrons
Linchpin,Dawn Of War,495,52.93%,70.43,Necrons
Linchpin,Hammer And Anvil,81,49.38%,60.35,Necrons
Linchpin,Search And Destroy,782,48.34%,72.60,Necrons
Linchpin,Sweeping Engagement,57,49.12%,56.89,Necrons
Linchpin,Tipping Point,839,49.34%,74.11,Necrons
Purge The Foe,Crucible Of Battle,1081,49.31%,81.69,Necrons
Purge The Foe,Dawn Of War,313,53.35%,72.08,Necrons
Purge The Foe,Hammer And Anvil,618,50.65%,77.13,Necrons
Purge The Foe,Search And Destroy,67,46.27%,75.74,Necrons
Purge The Foe,Sweeping Engagement,48,66.67%,75.66,Necrons
Purge The Foe,Tipping Point,53,45.28%,74.83,Necrons
Scorched Earth,Crucible Of Battle,590,48.64%,76.29,Necrons
Scorched Earth,Dawn Of War,49,44.90%,68.05,Necrons
Scorched Earth,Hammer And Anvil,38,44.74%,65.82,Necrons
Scorched Earth,Search And Destroy,515,51.07%,74.89,Necrons
Scorched Earth,Sweeping Engagement,38,42.11%,69.38,Necrons
Scorched Earth,Tipping Point,603,48.92%,75.64,Necrons
Supply Drop,Crucible Of Battle,42,52.38%,60.73,Necrons
Supply Drop,Dawn Of War,43,62.79%,58.48,Necrons
Supply Drop,Hammer And Anvil,419,55.13%,66.18,Necrons
Supply Drop,Search And Destroy,33,57.58%,60.53,Necrons
Supply Drop,Sweeping Engagement,253,54.15%,68.54,Necrons
Supply Drop,Tipping Point,432,48.15%,67.56,Necrons
Take And Hold,Crucible Of Battle,101,43.56%,72.70,Necrons
Take And Hold,Dawn Of War,168,54.17%,69.40,Necrons
Take And Hold,Hammer And Anvil,685,47.01%,74.84,Necrons
Take And Hold,Search And Destroy,1012,49.31%,79.26,Necrons
Take And Hold,Sweeping Engagement,66,59.09%,73.00,Necrons
Take And Hold,Tipping Point,1124,48.40%,75.33,Necrons
Terraform,Crucible Of Battle,905,48.29%,77.22,Necrons
Terraform,Dawn Of War,70,40.00%,77.14,Necrons
Terraform,Hammer And Anvil,52,46.15%,67.38,Necrons
Terraform,Search And Destroy,54,48.15%,70.27,Necrons
Terraform,Sweeping Engagement,675,48.74%,80.11,Necrons
Terraform,Tipping Point,55,52.73%,72.90,Necrons
The Ritual,Crucible Of Battle,20,45.00%,71.44,Necrons
The Ritual,Dawn Of War,16,37.50%,73.00,Necrons
Burden Of Trust,Crucible Of Battle,26,61.54%,63.56,Orks
Burden Of Trust,Dawn Of War,42,57.14%,54.54,Orks
Burden Of Trust,Hammer And Anvil,32,34.38%,67.55,Orks
Burden Of Trust,Search And Destroy,20,45.00%,54.00,Orks
Burden Of Trust,Sweeping Engagement,8,25.00%,76.00,Orks
Burden Of Trust,Tipping Point,26,38.46%,59.70,Orks
Hidden Supplies,Crucible Of Battle,250,44.80%,74.69,Orks
Hidden Supplies,Dawn Of War,25,60.00%,61.00,Orks
Hidden Supplies,Hammer And Anvil,242,45.87%,74.19,Orks
Hidden Supplies,Search And Destroy,465,51.18%,77.77,Orks
Hidden Supplies,Sweeping Engagement,13,61.54%,76.88,Orks
Hidden Supplies,Tipping Point,20,45.00%,62.67,Orks
Linchpin,Crucible Of Battle,114,49.12%,73.38,Orks
Linchpin,Dawn Of War,290,48.97%,72.41,Orks
Linchpin,Hammer And Anvil,40,50.00%,68.60,Orks
Linchpin,Search And Destroy,512,43.55%,73.69,Orks
Linchpin,Sweeping Engagement,25,48.00%,68.92,Orks
Linchpin,Tipping Point,505,46.34%,71.19,Orks
Purge The Foe,Crucible Of Battle,598,42.47%,77.65,Orks
Purge The Foe,Dawn Of War,211,39.81%,72.61,Orks
Purge The Foe,Hammer And Anvil,392,45.92%,73.83,Orks
Purge The Foe,Search And Destroy,43,37.21%,72.06,Orks
Purge The Foe,Sweeping Engagement,33,30.30%,76.80,Orks
Purge The Foe,Tipping Point,56,50.00%,66.54,Orks
Scorched Earth,Crucible Of Battle,387,47.29%,74.15,Orks
Scorched Earth,Dawn Of War,39,41.03%,63.38,Orks
Scorched Earth,Hammer And Anvil,32,31.25%,77.40,Orks
Scorched Earth,Search And Destroy,338,47.63%,75.57,Orks
Scorched Earth,Sweeping Engagement,19,36.84%,60.71,Orks
Scorched Earth,Tipping Point,373,42.63%,76.82,Orks
Supply Drop,Crucible Of Battle,22,36.36%,62.75,Orks
Supply Drop,Dawn Of War,20,45.00%,60.33,Orks
Supply Drop,Hammer And Anvil,260,45.77%,65.88,Orks
Supply Drop,Search And Destroy,32,34.38%,70.27,Orks
Supply Drop,Sweeping Engagement,140,47.14%,70.58,Orks
Supply Drop,Tipping Point,279,42.65%,65.73,Orks
Take And Hold,Crucible Of Battle,74,52.70%,75.59,Orks
Take And Hold,Dawn Of War,98,47.96%,64.34,Orks
Take And Hold,Hammer And Anvil,473,46.51%,73.28,Orks
Take And Hold,Search And Destroy,620,48.71%,78.12,Orks
Take And Hold,Sweeping Engagement,46,47.83%,64.05,Orks
Take And Hold,Tipping Point,789,47.53%,76.38,Orks
Terraform,Crucible Of Battle,528,46.02%,74.05,Orks
Terraform,Dawn Of War,34,47.06%,64.81,Orks
Terraform,Hammer And Anvil,29,37.93%,72.64,Orks
Terraform,Search And Destroy,44,56.82%,75.96,Orks
Terraform,Sweeping Engagement,395,46.84%,79.89,Orks
Terraform,Tipping Point,25,48.00%,80.92,Orks
The Ritual,Crucible Of Battle,18,55.56%,68.70,Orks
The Ritual,Dawn Of War,17,52.94%,78.11,Orks
Burden Of Trust,Crucible Of Battle,59,54.24%,63.44,Space Marines
Burden Of Trust,Dawn Of War,85,52.94%,62.33,Space Marines
Burden Of Trust,Hammer And Anvil,46,45.65%,64.90,Space Marines
Burden Of Trust,Search And Destroy,47,36.17%,64.35,Space Marines
Burden Of Trust,Sweeping Engagement,61,36.07%,58.95,Space Marines
Burden Of Trust,Tipping Point,40,35.00%,66.07,Space Marines
Hidden Supplies,Crucible Of Battle,544,46.51%,71.62,Space Marines
Hidden Supplies,Dawn Of War,50,48.00%,65.13,Space Marines
Hidden Supplies,Hammer And Anvil,475,43.16%,72.63,Space Marines
Hidden Supplies,Search And Destroy,890,44.83%,74.26,Space Marines
Hidden Supplies,Sweeping Engagement,34,52.94%,69.67,Space Marines
Hidden Supplies,Tipping Point,49,48.98%,67.92,Space Marines
Linchpin,Crucible Of Battle,254,46.85%,72.28,Space Marines
Linchpin,Dawn Of War,644,45.96%,67.48,Space Marines
Linchpin,Hammer And Anvil,87,51.72%,65.62,Space Marines
Linchpin,Search And Destroy,1048,49.43%,71.21,Space Marines
Linchpin,Sweeping Engagement,72,48.61%,64.74,Space Marines
Linchpin,Tipping Point,1017,41.99%,70.44,Space Marines
Purge The Foe,Crucible Of Battle,1255,45.18%,79.80,Space Marines
Purge The Foe,Dawn Of War,469,50.11%,73.94,Space Marines
Purge The Foe,Hammer And Anvil,845,45.21%,75.35,Space Marines
Purge The Foe,Search And Destroy,75,45.33%,73.32,Space Marines
Purge The Foe,Sweeping Engagement,74,43.24%,64.81,Space Marines
Purge The Foe,Tipping Point,101,57.43%,74.98,Space Marines
Scorched Earth,Crucible Of Battle,697,46.48%,74.49,Space Marines
Scorched Earth,Dawn Of War,66,48.48%,70.66,Space Marines
Scorched Earth,Hammer And Anvil,49,40.82%,70.05,Space Marines
Scorched Earth,Search And Destroy,620,43.71%,73.23,Space Marines
Scorched Earth,Sweeping Engagement,49,46.94%,79.13,Space Marines
Scorched Earth,Tipping Point,784,44.64%,76.83,Space Marines
Supply Drop,Crucible Of Battle,59,40.68%,67.33,Space Marines
Supply Drop,Dawn Of War,61,52.46%,61.38,Space Marines
Supply Drop,Hammer And Anvil,525,43.43%,63.79,Space Marines
Supply Drop,Search And Destroy,47,61.70%,59.48,Space Marines
Supply Drop,Sweeping Engagement,311,49.84%,69.32,Space Marines
Supply Drop,Tipping Point,545,46.97%,63.79,Space Marines
Take And Hold,Crucible Of Battle,143,45.45%,73.11,Space Marines
Take And Hold,Dawn Of War,238,48.32%,67.53,Space Marines
Take And Hold,Hammer And Anvil,1040,45.00%,72.25,Space Marines
Take And Hold,Search And Destroy,1271,45.55%,77.59,Space Marines
Take And Hold,Sweeping Engagement,99,44.44%,70.07,Space Marines
Take And Hold,Tipping Point,1579,42.94%,73.06,Space Marines
Terraform,Crucible Of Battle,1094,42.96%,75.97,Space Marines
Terraform,Dawn Of War,80,57.50%,72.78,Space Marines
Terraform,Hammer And Anvil,57,50.88%,64.34,Space Marines
Terraform,Search And Destroy,53,41.51%,66.77,Space Marines
Terraform,Sweeping Engagement,781,45.20%,76.13,Space Marines
Terraform,Tipping Point,73,43.84%,74.88,Space Marines
The Ritual,Crucible Of Battle,19,31.58%,67.83,Space Marines
The Ritual,Dawn Of War,26,42.31%,65.18,Space Marines
Burden Of Trust,Crucible Of Battle,20,50.00%,56.00,Space Wolves
Burden Of Trust,Dawn Of War,28,53.57%,54.47,Space Wolves
Burden Of Trust,Hammer And Anvil,21,47.62%,63.20,Space Wolves
Burden Of Trust,Search And Destroy,21,57.14%,71.50,Space Wolves
Burden Of Trust,Sweeping Engagement,23,60.87%,57.50,Space Wolves
Burden Of Trust,Tipping Point,18,44.44%,60.63,Space Wolves
Hidden Supplies,Crucible Of Battle,269,46.84%,70.33,Space Wolves
Hidden Supplies,Dawn Of War,33,51.52%,74.18,Space Wolves
Hidden Supplies,Hammer And Anvil,238,50.84%,75.04,Space Wolves
Hidden Supplies,Search And Destroy,472,44.92%,77.48,Space Wolves
Hidden Supplies,Sweeping Engagement,12,33.33%,64.75,Space Wolves
Hidden Supplies,Tipping Point,17,52.94%,68.22,Space Wolves
Linchpin,Crucible Of Battle,96,48.96%,76.04,Space Wolves
Linchpin,Dawn Of War,292,51.03%,71.49,Space Wolves
Linchpin,Hammer And Anvil,45,51.11%,61.17,Space Wolves
Linchpin,Search And Destroy,527,51.04%,72.88,Space Wolves
Linchpin,Sweeping Engagement,34,44.12%,62.87,Space Wolves
Linchpin,Tipping Point,499,49.70%,71.87,Space Wolves
Purge The Foe,Crucible Of Battle,631,48.02%,80.47,Space Wolves
Purge The Foe,Dawn Of War,224,46.43%,71.78,Space Wolves
Purge The Foe,Hammer And Anvil,385,50.91%,76.95,Space Wolves
Purge The Foe,Search And Destroy,30,50.00%,71.67,Space Wolves
Purge The Foe,Sweeping Engagement,24,58.33%,72.14,Space Wolves
Purge The Foe,Tipping Point,41,56.10%,73.78,Space Wolves
Scorched Earth,Crucible Of Battle,364,53.85%,74.26,Space Wolves
Scorched Earth,Dawn Of War,20,60.00%,76.75,Space Wolves
Scorched Earth,Hammer And Anvil,25,68.00%,76.76,Space Wolves
Scorched Earth,Search And Destroy,351,54.13%,77.69,Space Wolves
Scorched Earth,Sweeping Engagement,11,54.55%,75.00,Space Wolves
Scorched Earth,Tipping Point,383,53.52%,76.34,Space Wolves
Supply Drop,Crucible Of Battle,28,46.43%,58.08,Space Wolves
Supply Drop,Dawn Of War,23,30.43%,57.43,Space Wolves
Supply Drop,Hammer And Anvil,265,59.25%,67.43,Space Wolves
Supply Drop,Search And Destroy,26,50.00%,67.77,Space Wolves
Supply Drop,Sweeping Engagement,157,54.78%,62.01,Space Wolves
Supply Drop,Tipping Point,308,50.65%,67.53,Space Wolves
Take And Hold,Crucible Of Battle,52,57.69%,79.27,Space Wolves
Take And Hold,Dawn Of War,83,60.24%,73.94,Space Wolves
Take And Hold,Hammer And Anvil,457,53.61%,73.07,Space Wolves
Take And Hold,Search And Destroy,583,44.08%,79.32,Space Wolves
Take And Hold,Sweeping Engagement,36,58.33%,73.52,Space Wolves
Take And Hold,Tipping Point,720,51.39%,75.31,Space Wolves
Terraform,Crucible Of Battle,525,51.81%,76.14,Space Wolves
Terraform,Dawn Of War,28,46.43%,68.23,Space Wolves
Terraform,Hammer And Anvil,25,20.00%,64.00,Space Wolves
Terraform,Search And Destroy,25,60.00%,62.53,Space Wolves
Terraform,Sweeping Engagement,366,52.46%,78.55,Space Wolves
Terraform,Tipping Point,33,48.48%,73.25,Space Wolves
The Ritual,Crucible Of Battle,7,57.14%,87.75,Space Wolves
The Ritual,Dawn Of War,11,63.64%,60.43,Space Wolves
Burden Of Trust,Crucible Of Battle,40,47.50%,61.26,T'au
Burden Of Trust,Dawn Of War,38,44.74%,61.24,T'au
Burden Of Trust,Hammer And Anvil,30,50.00%,62.33,T'au
Burden Of Trust,Search And Destroy,26,57.69%,65.00,T'au
Burden Of Trust,Sweeping Engagement,22,45.45%,68.90,T'au
Burden Of Trust,Tipping Point,33,45.45%,59.67,T'au
Hidden Supplies,Crucible Of Battle,333,48.65%,74.41,T'au
Hidden Supplies,Dawn Of War,30,56.67%,69.65,T'au
Hidden Supplies,Hammer And Anvil,284,47.54%,72.07,T'au
Hidden Supplies,Search And Destroy,587,46.85%,76.40,T'au
Hidden Supplies,Sweeping Engagement,15,60.00%,73.78,T'au
Hidden Supplies,Tipping Point,21,47.62%,69.30,T'au
Linchpin,Crucible Of Battle,140,50.00%,75.69,T'au
Linchpin,Dawn Of War,346,48.55%,69.69,T'au
Linchpin,Hammer And Anvil,43,58.14%,66.52,T'au
Linchpin,Search And Destroy,643,46.81%,72.38,T'au
Linchpin,Sweeping Engagement,37,56.76%,64.29,T'au
Linchpin,Tipping Point,659,49.01%,74.26,T'au
Purge The Foe,Crucible Of Battle,782,46.80%,80.95,T'au
Purge The Foe,Dawn Of War,219,43.84%,71.57,T'au
Purge The Foe,Hammer And Anvil,443,39.50%,75.09,T'au
Purge The Foe,Search And Destroy,51,29.41%,77.40,T'au
Purge The Foe,Sweeping Engagement,30,43.33%,72.77,T'au
Purge The Foe,Tipping Point,41,36.59%,72.87,T'au
Scorched Earth,Crucible Of Battle,442,50.90%,77.16,T'au
Scorched Earth,Dawn Of War,35,42.86%,65.00,T'au
Scorched Earth,Hammer And Anvil,28,60.71%,70.47,T'au
Scorched Earth,Search And Destroy,393,43.51%,78.75,T'au
Scorched Earth,Sweeping Engagement,24,62.50%,58.40,T'au
Scorched Earth,Tipping Point,458,49.78%,75.03,T'au
Supply Drop,Crucible Of Battle,29,37.93%,62.91,T'au
Supply Drop,Dawn Of War,36,44.44%,64.19,T'au
Supply Drop,Hammer And Anvil,302,47.35%,66.07,T'au
Supply Drop,Search And Destroy,30,30.00%,57.44,T'au
Supply Drop,Sweeping Engagement,201,41.29%,63.36,T'au
Supply Drop,Tipping Point,339,43.36%,69.08,T'au
Take And Hold,Crucible Of Battle,63,49.21%,78.23,T'au
Take And Hold,Dawn Of War,101,41.58%,72.43,T'au
Take And Hold,Hammer And Anvil,559,45.08%,75.30,T'au
Take And Hold,Search And Destroy,698,49.14%,81.29,T'au
Take And Hold,Sweeping Engagement,28,57.14%,83.25,T'au
Take And Hold,Tipping Point,798,47.24%,78.21,T'au
Terraform,Crucible Of Battle,709,45.70%,76.84,T'au
Terraform,Dawn Of War,53,50.94%,71.67,T'au
Terraform,Hammer And Anvil,37,37.84%,67.00,T'au
Terraform,Search And Destroy,39,48.72%,72.11,T'au
Terraform,Sweeping Engagement,437,46.91%,76.53,T'au
Terraform,Tipping Point,41,46.34%,73.63,T'au
The Ritual,Crucible Of Battle,10,50.00%,65.40,T'au
The Ritual,Dawn Of War,21,42.86%,65.22,T'au
Burden Of Trust,Crucible Of Battle,27,48.15%,60.85,Thousand Sons
Burden Of Trust,Dawn Of War,29,55.17%,58.06,Thousand Sons
Burden Of Trust,Hammer And Anvil,24,70.83%,60.82,Thousand Sons
Burden Of Trust,Search And Destroy,19,47.37%,69.67,Thousand Sons
Burden Of Trust,Sweeping Engagement,20,75.00%,62.00,Thousand Sons
Burden Of Trust,Tipping Point,20,60.00%,66.50,Thousand Sons
Hidden Supplies,Crucible Of Battle,276,46.01%,73.33,Thousand Sons
Hidden Supplies,Dawn Of War,28,46.43%,65.15,Thousand Sons
Hidden Supplies,Hammer And Anvil,256,46.88%,72.47,Thousand Sons
Hidden Supplies,Search And Destroy,470,48.51%,74.77,Thousand Sons
Hidden Supplies,Sweeping Engagement,8,50.00%,60.00,Thousand Sons
Hidden Supplies,Tipping Point,27,40.74%,69.55,Thousand Sons
Linchpin,Crucible Of Battle,124,54.84%,72.84,Thousand Sons
Linchpin,Dawn Of War,324,52.78%,68.87,Thousand Sons
Linchpin,Hammer And Anvil,44,34.09%,66.33,Thousand Sons
Linchpin,Search And Destroy,542,45.57%,72.06,Thousand Sons
Linchpin,Sweeping Engagement,34,44.12%,69.13,Thousand Sons
Linchpin,Tipping Point,569,50.26%,71.36,Thousand Sons
Purge The Foe,Crucible Of Battle,643,50.86%,80.17,Thousand Sons
Purge The Foe,Dawn Of War,191,52.88%,71.09,Thousand Sons
Purge The Foe,Hammer And Anvil,356,59.27%,74.97,Thousand Sons
Purge The Foe,Search And Destroy,34,61.76%,83.67,Thousand Sons
Purge The Foe,Sweeping Engagement,30,40.00%,70.25,Thousand Sons
Purge The Foe,Tipping Point,48,47.92%,67.83,Thousand Sons
Scorched Earth,Crucible Of Battle,398,51.26%,75.82,Thousand Sons
Scorched Earth,Dawn Of War,33,69.70%,64.17,Thousand Sons
Scorched Earth,Hammer And Anvil,24,45.83%,72.27,Thousand Sons
Scorched Earth,Search And Destroy,367,49.59%,78.08,Thousand Sons
Scorched Earth,Sweeping Engagement,18,50.00%,69.44,Thousand Sons
Scorched Earth,Tipping Point,424,53.30%,77.49,Thousand Sons
Supply Drop,Crucible Of Battle,24,58.33%,67.21,Thousand Sons
Supply Drop,Dawn Of War,18,44.44%,51.50,Thousand Sons
Supply Drop,Hammer And Anvil,244,47.13%,64.20,Thousand Sons
Supply Drop,Search And Destroy,22,45.45%,65.60,Thousand Sons
Supply Drop,Sweeping Engagement,139,58.99%,64.65,Thousand Sons
Supply Drop,Tipping Point,275,50.18%,64.58,Thousand Sons
Take And Hold,Crucible Of Battle,66,45.45%,70.30,Thousand Sons
Take And Hold,Dawn Of War,74,48.65%,69.42,Thousand Sons
Take And Hold,Hammer And Anvil,446,49.33%,73.11,Thousand Sons
Take And Hold,Search And Destroy,635,49.13%,77.80,Thousand Sons
Take And Hold,Sweeping Engagement,28,57.14%,80.56,Thousand Sons
Take And Hold,Tipping Point,708,53.11%,77.54,Thousand Sons
Terraform,Crucible Of Battle,634,48.11%,77.71,Thousand Sons
Terraform,Dawn Of War,37,43.24%,67.06,Thousand Sons
Terraform,Hammer And Anvil,30,46.67%,65.71,Thousand Sons
Terraform,Search And Destroy,28,42.86%,67.75,Thousand Sons
Terraform,Sweeping Engagement,403,49.13%,77.42,Thousand Sons
Terraform,Tipping Point,36,58.33%,75.38,Thousand Sons
The Ritual,Crucible Of Battle,14,50.00%,67.29,Thousand Sons
The Ritual,Dawn Of War,4,50.00%,75.00,Thousand Sons
Burden Of Trust,Crucible Of Battle,42,50.00%,68.71,Tyranids
Burden Of Trust,Dawn Of War,45,46.67%,58.81,Tyranids
Burden Of Trust,Hammer And Anvil,52,53.85%,63.61,Tyranids
Burden Of Trust,Search And Destroy,37,59.46%,58.23,Tyranids
Burden Of Trust,Sweeping Engagement,28,53.57%,62.40,Tyranids
Burden Of Trust,Tipping Point,32,50.00%,61.63,Tyranids
Hidden Supplies,Crucible Of Battle,422,52.84%,71.57,Tyranids
Hidden Supplies,Dawn Of War,40,50.00%,66.25,Tyranids
Hidden Supplies,Hammer And Anvil,454,50.88%,72.91,Tyranids
Hidden Supplies,Search And Destroy,723,47.30%,73.14,Tyranids
Hidden Supplies,Sweeping Engagement,28,67.86%,73.26,Tyranids
Hidden Supplies,Tipping Point,39,46.15%,69.83,Tyranids
Linchpin,Crucible Of Battle,168,46.43%,70.36,Tyranids
Linchpin,Dawn Of War,517,50.48%,70.19,Tyranids
Linchpin,Hammer And Anvil,92,50.00%,61.37,Tyranids
Linchpin,Search And Destroy,856,52.22%,73.08,Tyranids
Linchpin,Sweeping Engagement,41,48.78%,73.25,Tyranids
Linchpin,Tipping Point,841,51.37%,72.56,Tyranids
Purge The Foe,Crucible Of Battle,946,45.45%,79.42,Tyranids
Purge The Foe,Dawn Of War,360,45.56%,75.55,Tyranids
Purge The Foe,Hammer And Anvil,557,49.91%,78.53,Tyranids
Purge The Foe,Search And Destroy,69,42.03%,74.79,Tyranids
Purge The Foe,Sweeping Engagement,54,48.15%,75.73,Tyranids
Purge The Foe,Tipping Point,45,44.44%,72.95,Tyranids
Scorched Earth,Crucible Of Battle,573,52.71%,74.71,Tyranids
Scorched Earth,Dawn Of War,47,42.55%,64.55,Tyranids
Scorched Earth,Hammer And Anvil,57,59.65%,74.97,Tyranids
Scorched Earth,Search And Destroy,536,50.56%,76.30,Tyranids
Scorched Earth,Sweeping Engagement,40,35.00%,76.93,Tyranids
Scorched Earth,Tipping Point,619,50.08%,74.83,Tyranids
Supply Drop,Crucible Of Battle,33,51.52%,68.41,Tyranids
Supply Drop,Dawn Of War,44,52.27%,67.57,Tyranids
Supply Drop,Hammer And Anvil,433,47.34%,67.67,Tyranids
Supply Drop,Search And Destroy,53,49.06%,62.58,Tyranids
Supply Drop,Sweeping Engagement,235,48.51%,62.83,Tyranids
Supply Drop,Tipping Point,456,48.46%,67.34,Tyranids
Take And Hold,Crucible Of Battle,116,54.31%,67.27,Tyranids
Take And Hold,Dawn Of War,166,48.19%,69.58,Tyranids
Take And Hold,Hammer And Anvil,798,51.25%,72.34,Tyranids
Take And Hold,Search And Destroy,964,46.37%,80.06,Tyranids
Take And Hold,Sweeping Engagement,64,53.13%,74.76,Tyranids
Take And Hold,Tipping Point,1188,52.19%,75.40,Tyranids
Terraform,Crucible Of Battle,890,53.26%,76.26,Tyranids
Terraform,Dawn Of War,69,59.42%,72.66,Tyranids
Terraform,Hammer And Anvil,59,49.15%,74.52,Tyranids
Terraform,Search And Destroy,68,47.06%,71.34,Tyranids
Terraform,Sweeping Engagement,640,48.13%,77.97,Tyranids
Terraform,Tipping Point,46,47.83%,75.36,Tyranids
The Ritual,Crucible Of Battle,14,57.14%,67.50,Tyranids
The Ritual,Dawn Of War,17,35.29%,72.83,Tyranids
Burden Of Trust,Crucible Of Battle,30,46.67%,75.43,World Eaters
Burden Of Trust,Dawn Of War,35,51.43%,74.44,World Eaters
Burden Of Trust,Hammer And Anvil,33,57.58%,62.47,World Eaters
Burden Of Trust,Search And Destroy,36,58.33%,66.14,World Eaters
Burden Of Trust,Sweeping Engagement,16,75.00%,65.83,World Eaters
Burden Of Trust,Tipping Point,33,60.61%,71.50,World Eaters
Hidden Supplies,Crucible Of Battle,416,53.37%,72.44,World Eaters
Hidden Supplies,Dawn Of War,23,34.78%,68.13,World Eaters
Hidden Supplies,Hammer And Anvil,400,52.25%,74.71,World Eaters
Hidden Supplies,Search And Destroy,788,54.70%,76.52,World Eaters
Hidden Supplies,Sweeping Engagement,21,66.67%,66.36,World Eaters
Hidden Supplies,Tipping Point,28,67.86%,65.79,World Eaters
Linchpin,Crucible Of Battle,198,62.63%,74.66,World Eaters
Linchpin,Dawn Of War,430,52.33%,71.75,World Eaters
Linchpin,Hammer And Anvil,80,53.75%,73.40,World Eaters
Linchpin,Search And Destroy,841,51.96%,74.54,World Eaters
Linchpin,Sweeping Engagement,37,56.76%,71.10,World Eaters
Linchpin,Tipping Point,752,49.60%,73.28,World Eaters
Purge The Foe,Crucible Of Battle,1036,54.54%,81.66,World Eaters
Purge The Foe,Dawn Of War,258,51.55%,74.81,World Eaters
Purge The Foe,Hammer And Anvil,611,52.54%,77.94,World Eaters
Purge The Foe,Search And Destroy,57,57.89%,75.76,World Eaters
Purge The Foe,Sweeping Engagement,34,50.00%,77.06,World Eaters
Purge The Foe,Tipping Point,50,50.00%,81.68,World Eaters
Scorched Earth,Crucible Of Battle,575,48.52%,77.50,World Eaters
Scorched Earth,Dawn Of War,30,50.00%,69.60,World Eaters
Scorched Earth,Hammer And Anvil,31,54.84%,74.94,World Eaters
Scorched Earth,Search And Destroy,504,47.62%,76.65,World Eaters
Scorched Earth,Sweeping Engagement,33,51.52%,70.12,World Eaters
Scorched Earth,Tipping Point,618,49.51%,77.97,World Eaters
Supply Drop,Crucible Of Battle,28,50.00%,65.07,World Eaters
Supply Drop,Dawn Of War,34,55.88%,62.95,World Eaters
Supply Drop,Hammer And Anvil,373,49.87%,67.24,World Eaters
Supply Drop,Search And Destroy,36,52.78%,73.26,World Eaters
Supply Drop,Sweeping Engagement,202,47.03%,67.80,World Eaters
Supply Drop,Tipping Point,430,51.63%,64.97,World Eaters
Take And Hold,Crucible Of Battle,82,43.90%,77.39,World Eaters
Take And Hold,Dawn Of War,107,61.68%,69.11,World Eaters
Take And Hold,Hammer And Anvil,670,51.64%,74.67,World Eaters
Take And Hold,Search And Destroy,943,51.64%,81.93,World Eaters
Take And Hold,Sweeping Engagement,36,41.67%,71.13,World Eaters
Take And Hold,Tipping Point,1176,50.51%,77.29,World Eaters
Terraform,Crucible Of Battle,914,53.28%,78.34,World Eaters
Terraform,Dawn Of War,54,59.26%,68.53,World Eaters
Terraform,Hammer And Anvil,30,53.33%,74.69,World Eaters
Terraform,Search And Destroy,43,51.16%,77.36,World Eaters
Terraform,Sweeping Engagement,664,54.97%,78.51,World Eaters
Terraform,Tipping Point,52,61.54%,74.25,World Eaters
The Ritual,Crucible Of Battle,12,50.00%,65.00,World Eaters
The Ritual,Dawn Of War,8,75.00%,72.17,World Eaters
